0 / 1500 epochTrain loss: 1.447989, acc: 0.199 Val loss: 1.383381, acc: 0.242--- 4.0406 seconds ---
1 / 1500 epochTrain loss: 1.386355, acc: 0.278 Val loss: 1.341909, acc: 0.394--- 0.1519 seconds ---
2 / 1500 epochTrain loss: 1.343099, acc: 0.352 Val loss: 1.305888, acc: 0.455--- 0.1493 seconds ---
3 / 1500 epochTrain loss: 1.302126, acc: 0.409 Val loss: 1.274577, acc: 0.495--- 0.1471 seconds ---
4 / 1500 epochTrain loss: 1.273592, acc: 0.439 Val loss: 1.244713, acc: 0.545--- 0.1481 seconds ---
5 / 1500 epochTrain loss: 1.245323, acc: 0.486 Val loss: 1.214634, acc: 0.495--- 0.1488 seconds ---
6 / 1500 epochTrain loss: 1.211188, acc: 0.490 Val loss: 1.183532, acc: 0.485--- 0.1466 seconds ---
7 / 1500 epochTrain loss: 1.174615, acc: 0.513 Val loss: 1.149486, acc: 0.505--- 0.1470 seconds ---
8 / 1500 epochTrain loss: 1.141443, acc: 0.535 Val loss: 1.113276, acc: 0.566--- 0.1472 seconds ---
9 / 1500 epochTrain loss: 1.104650, acc: 0.565 Val loss: 1.081725, acc: 0.596--- 0.1476 seconds ---
10 / 1500 epochTrain loss: 1.072662, acc: 0.576 Val loss: 1.047366, acc: 0.626--- 0.1471 seconds ---
11 / 1500 epochTrain loss: 1.032687, acc: 0.583 Val loss: 1.012500, acc: 0.636--- 0.1469 seconds ---
12 / 1500 epochTrain loss: 1.003142, acc: 0.598 Val loss: 0.975106, acc: 0.657--- 0.1467 seconds ---
13 / 1500 epochTrain loss: 0.965596, acc: 0.613 Val loss: 0.940813, acc: 0.667--- 0.1471 seconds ---
14 / 1500 epochTrain loss: 0.928505, acc: 0.622 Val loss: 0.909863, acc: 0.657--- 0.1473 seconds ---
15 / 1500 epochTrain loss: 0.898166, acc: 0.638 Val loss: 0.881197, acc: 0.687--- 0.1465 seconds ---
16 / 1500 epochTrain loss: 0.858588, acc: 0.660 Val loss: 0.850291, acc: 0.697--- 0.1462 seconds ---
17 / 1500 epochTrain loss: 0.842043, acc: 0.679 Val loss: 0.822599, acc: 0.677--- 0.1472 seconds ---
18 / 1500 epochTrain loss: 0.807743, acc: 0.697 Val loss: 0.791389, acc: 0.697--- 0.1471 seconds ---
19 / 1500 epochTrain loss: 0.782729, acc: 0.690 Val loss: 0.769758, acc: 0.687--- 0.1475 seconds ---
20 / 1500 epochTrain loss: 0.757485, acc: 0.719 Val loss: 0.743769, acc: 0.717--- 0.1473 seconds ---
21 / 1500 epochTrain loss: 0.738727, acc: 0.716 Val loss: 0.721386, acc: 0.717--- 0.1469 seconds ---
22 / 1500 epochTrain loss: 0.703529, acc: 0.739 Val loss: 0.694088, acc: 0.717--- 0.1476 seconds ---
23 / 1500 epochTrain loss: 0.687052, acc: 0.749 Val loss: 0.674474, acc: 0.737--- 0.1476 seconds ---
24 / 1500 epochTrain loss: 0.664149, acc: 0.751 Val loss: 0.656055, acc: 0.737--- 0.1467 seconds ---
25 / 1500 epochTrain loss: 0.640903, acc: 0.765 Val loss: 0.639982, acc: 0.758--- 0.1609 seconds ---
26 / 1500 epochTrain loss: 0.615951, acc: 0.761 Val loss: 0.622496, acc: 0.778--- 0.1470 seconds ---
27 / 1500 epochTrain loss: 0.608794, acc: 0.760 Val loss: 0.601485, acc: 0.788--- 0.1467 seconds ---
28 / 1500 epochTrain loss: 0.590425, acc: 0.771 Val loss: 0.587758, acc: 0.788--- 0.1474 seconds ---
29 / 1500 epochTrain loss: 0.558614, acc: 0.795 Val loss: 0.578745, acc: 0.778--- 0.1463 seconds ---
30 / 1500 epochTrain loss: 0.550003, acc: 0.796 Val loss: 0.567840, acc: 0.808--- 0.1464 seconds ---
31 / 1500 epochTrain loss: 0.537510, acc: 0.792 Val loss: 0.561213, acc: 0.818--- 0.1465 seconds ---
32 / 1500 epochTrain loss: 0.530021, acc: 0.812 Val loss: 0.554699, acc: 0.808--- 0.1464 seconds ---
33 / 1500 epochTrain loss: 0.514808, acc: 0.809 Val loss: 0.545710, acc: 0.828--- 0.1465 seconds ---
34 / 1500 epochTrain loss: 0.512034, acc: 0.812 Val loss: 0.541911, acc: 0.808--- 0.1468 seconds ---
35 / 1500 epochTrain loss: 0.510919, acc: 0.811 Val loss: 0.538639, acc: 0.798--- 0.1465 seconds ---
36 / 1500 epochTrain loss: 0.498890, acc: 0.811 Val loss: 0.524215, acc: 0.808--- 0.1459 seconds ---
37 / 1500 epochTrain loss: 0.480425, acc: 0.827 Val loss: 0.515663, acc: 0.818--- 0.1458 seconds ---
38 / 1500 epochTrain loss: 0.477282, acc: 0.825 Val loss: 0.506235, acc: 0.818--- 0.1475 seconds ---
39 / 1500 epochTrain loss: 0.467858, acc: 0.820 Val loss: 0.505555, acc: 0.818--- 0.1458 seconds ---
40 / 1500 epochTrain loss: 0.460986, acc: 0.826 Val loss: 0.497029, acc: 0.808--- 0.1463 seconds ---
41 / 1500 epochTrain loss: 0.447518, acc: 0.833 Val loss: 0.489201, acc: 0.808--- 0.1466 seconds ---
42 / 1500 epochTrain loss: 0.446561, acc: 0.837 Val loss: 0.484496, acc: 0.808--- 0.1460 seconds ---
43 / 1500 epochTrain loss: 0.432902, acc: 0.841 Val loss: 0.477161, acc: 0.808--- 0.1458 seconds ---
44 / 1500 epochTrain loss: 0.430996, acc: 0.839 Val loss: 0.472915, acc: 0.808--- 0.1473 seconds ---
45 / 1500 epochTrain loss: 0.419985, acc: 0.841 Val loss: 0.460939, acc: 0.808--- 0.1455 seconds ---
46 / 1500 epochTrain loss: 0.428961, acc: 0.845 Val loss: 0.456680, acc: 0.798--- 0.1466 seconds ---
47 / 1500 epochTrain loss: 0.410858, acc: 0.856 Val loss: 0.446578, acc: 0.798--- 0.1467 seconds ---
48 / 1500 epochTrain loss: 0.405719, acc: 0.848 Val loss: 0.443054, acc: 0.798--- 0.1468 seconds ---
49 / 1500 epochTrain loss: 0.403546, acc: 0.845 Val loss: 0.433148, acc: 0.798--- 0.1463 seconds ---
50 / 1500 epochTrain loss: 0.404786, acc: 0.841 Val loss: 0.428046, acc: 0.808--- 0.1461 seconds ---
51 / 1500 epochTrain loss: 0.377764, acc: 0.859 Val loss: 0.420943, acc: 0.808--- 0.1462 seconds ---
52 / 1500 epochTrain loss: 0.378065, acc: 0.860 Val loss: 0.409158, acc: 0.818--- 0.1469 seconds ---
53 / 1500 epochTrain loss: 0.374452, acc: 0.857 Val loss: 0.402309, acc: 0.818--- 0.1470 seconds ---
54 / 1500 epochTrain loss: 0.350462, acc: 0.875 Val loss: 0.394033, acc: 0.838--- 0.1460 seconds ---
55 / 1500 epochTrain loss: 0.352390, acc: 0.873 Val loss: 0.388048, acc: 0.838--- 0.1460 seconds ---
56 / 1500 epochTrain loss: 0.349465, acc: 0.879 Val loss: 0.387970, acc: 0.828--- 0.1466 seconds ---
57 / 1500 epochTrain loss: 0.339762, acc: 0.872 Val loss: 0.383207, acc: 0.828--- 0.1467 seconds ---
58 / 1500 epochTrain loss: 0.341908, acc: 0.882 Val loss: 0.377203, acc: 0.838--- 0.1469 seconds ---
59 / 1500 epochTrain loss: 0.342754, acc: 0.883 Val loss: 0.369389, acc: 0.838--- 0.1593 seconds ---
60 / 1500 epochTrain loss: 0.333480, acc: 0.883 Val loss: 0.363403, acc: 0.838--- 0.1484 seconds ---
61 / 1500 epochTrain loss: 0.329423, acc: 0.877 Val loss: 0.357180, acc: 0.848--- 0.1468 seconds ---
62 / 1500 epochTrain loss: 0.322570, acc: 0.888 Val loss: 0.356731, acc: 0.848--- 0.1457 seconds ---
63 / 1500 epochTrain loss: 0.315591, acc: 0.887 Val loss: 0.351062, acc: 0.859--- 0.1467 seconds ---
64 / 1500 epochTrain loss: 0.315844, acc: 0.888 Val loss: 0.348113, acc: 0.869--- 0.1458 seconds ---
65 / 1500 epochTrain loss: 0.318721, acc: 0.890 Val loss: 0.341854, acc: 0.869--- 0.1455 seconds ---
66 / 1500 epochTrain loss: 0.297169, acc: 0.900 Val loss: 0.329223, acc: 0.869--- 0.1456 seconds ---
67 / 1500 epochTrain loss: 0.310359, acc: 0.895 Val loss: 0.331200, acc: 0.869--- 0.1461 seconds ---
68 / 1500 epochTrain loss: 0.298328, acc: 0.897 Val loss: 0.327657, acc: 0.869--- 0.1459 seconds ---
69 / 1500 epochTrain loss: 0.290317, acc: 0.904 Val loss: 0.324850, acc: 0.879--- 0.1464 seconds ---
70 / 1500 epochTrain loss: 0.282700, acc: 0.905 Val loss: 0.322543, acc: 0.879--- 0.1459 seconds ---
71 / 1500 epochTrain loss: 0.284684, acc: 0.899 Val loss: 0.320984, acc: 0.879--- 0.1459 seconds ---
72 / 1500 epochTrain loss: 0.279485, acc: 0.902 Val loss: 0.315571, acc: 0.899--- 0.1464 seconds ---
73 / 1500 epochTrain loss: 0.277152, acc: 0.909 Val loss: 0.316213, acc: 0.879--- 0.1456 seconds ---
74 / 1500 epochTrain loss: 0.280156, acc: 0.904 Val loss: 0.310136, acc: 0.879--- 0.1458 seconds ---
75 / 1500 epochTrain loss: 0.276315, acc: 0.906 Val loss: 0.301297, acc: 0.869--- 0.1456 seconds ---
76 / 1500 epochTrain loss: 0.275881, acc: 0.910 Val loss: 0.296526, acc: 0.889--- 0.1461 seconds ---
77 / 1500 epochTrain loss: 0.276078, acc: 0.909 Val loss: 0.289102, acc: 0.899--- 0.1455 seconds ---
78 / 1500 epochTrain loss: 0.272966, acc: 0.909 Val loss: 0.283061, acc: 0.899--- 0.1457 seconds ---
79 / 1500 epochTrain loss: 0.272286, acc: 0.911 Val loss: 0.284044, acc: 0.909--- 0.1453 seconds ---
80 / 1500 epochTrain loss: 0.262142, acc: 0.908 Val loss: 0.282406, acc: 0.919--- 0.1463 seconds ---
81 / 1500 epochTrain loss: 0.262155, acc: 0.909 Val loss: 0.283027, acc: 0.919--- 0.1467 seconds ---
82 / 1500 epochTrain loss: 0.257791, acc: 0.909 Val loss: 0.284642, acc: 0.909--- 0.1468 seconds ---
83 / 1500 epochTrain loss: 0.260740, acc: 0.907 Val loss: 0.282528, acc: 0.909--- 0.1458 seconds ---
84 / 1500 epochTrain loss: 0.251032, acc: 0.917 Val loss: 0.271190, acc: 0.909--- 0.1455 seconds ---
85 / 1500 epochTrain loss: 0.252241, acc: 0.910 Val loss: 0.268448, acc: 0.919--- 0.1457 seconds ---
86 / 1500 epochTrain loss: 0.247899, acc: 0.913 Val loss: 0.262220, acc: 0.919--- 0.1460 seconds ---
87 / 1500 epochTrain loss: 0.252938, acc: 0.921 Val loss: 0.262344, acc: 0.919--- 0.1461 seconds ---
88 / 1500 epochTrain loss: 0.249684, acc: 0.914 Val loss: 0.255326, acc: 0.909--- 0.1457 seconds ---
89 / 1500 epochTrain loss: 0.246218, acc: 0.920 Val loss: 0.261653, acc: 0.909--- 0.1451 seconds ---
90 / 1500 epochTrain loss: 0.239325, acc: 0.917 Val loss: 0.260787, acc: 0.909--- 0.1452 seconds ---
91 / 1500 epochTrain loss: 0.244888, acc: 0.911 Val loss: 0.258569, acc: 0.909--- 0.1444 seconds ---
92 / 1500 epochTrain loss: 0.243287, acc: 0.917 Val loss: 0.256435, acc: 0.909--- 0.1455 seconds ---
93 / 1500 epochTrain loss: 0.235430, acc: 0.923 Val loss: 0.265402, acc: 0.909--- 0.1455 seconds ---
94 / 1500 epochTrain loss: 0.231905, acc: 0.920 Val loss: 0.258180, acc: 0.909--- 0.1449 seconds ---
95 / 1500 epochTrain loss: 0.223888, acc: 0.922 Val loss: 0.258467, acc: 0.909--- 0.1552 seconds ---
96 / 1500 epochTrain loss: 0.234549, acc: 0.915 Val loss: 0.252247, acc: 0.919--- 0.1462 seconds ---
97 / 1500 epochTrain loss: 0.241039, acc: 0.922 Val loss: 0.248273, acc: 0.919--- 0.1457 seconds ---
98 / 1500 epochTrain loss: 0.236195, acc: 0.919 Val loss: 0.249689, acc: 0.919--- 0.1462 seconds ---
99 / 1500 epochTrain loss: 0.238608, acc: 0.915 Val loss: 0.250800, acc: 0.929--- 0.1462 seconds ---
100 / 1500 epochTrain loss: 0.240696, acc: 0.915 Val loss: 0.248531, acc: 0.919--- 0.1460 seconds ---
101 / 1500 epochTrain loss: 0.232460, acc: 0.919 Val loss: 0.258792, acc: 0.889--- 0.1456 seconds ---
102 / 1500 epochTrain loss: 0.228571, acc: 0.919 Val loss: 0.255490, acc: 0.889--- 0.1449 seconds ---
103 / 1500 epochTrain loss: 0.229543, acc: 0.924 Val loss: 0.258553, acc: 0.899--- 0.1454 seconds ---
104 / 1500 epochTrain loss: 0.230886, acc: 0.921 Val loss: 0.254907, acc: 0.899--- 0.1454 seconds ---
105 / 1500 epochTrain loss: 0.241897, acc: 0.915 Val loss: 0.246588, acc: 0.909--- 0.1456 seconds ---
106 / 1500 epochTrain loss: 0.216585, acc: 0.923 Val loss: 0.249030, acc: 0.909--- 0.1468 seconds ---
107 / 1500 epochTrain loss: 0.223141, acc: 0.919 Val loss: 0.241762, acc: 0.919--- 0.1456 seconds ---
108 / 1500 epochTrain loss: 0.228536, acc: 0.925 Val loss: 0.234536, acc: 0.919--- 0.1456 seconds ---
109 / 1500 epochTrain loss: 0.229564, acc: 0.921 Val loss: 0.228063, acc: 0.909--- 0.1451 seconds ---
110 / 1500 epochTrain loss: 0.217309, acc: 0.920 Val loss: 0.226866, acc: 0.909--- 0.1458 seconds ---
111 / 1500 epochTrain loss: 0.230890, acc: 0.916 Val loss: 0.220884, acc: 0.929--- 0.1462 seconds ---
112 / 1500 epochTrain loss: 0.217301, acc: 0.929 Val loss: 0.223971, acc: 0.919--- 0.1458 seconds ---
113 / 1500 epochTrain loss: 0.219148, acc: 0.921 Val loss: 0.233059, acc: 0.909--- 0.1449 seconds ---
114 / 1500 epochTrain loss: 0.211640, acc: 0.931 Val loss: 0.219404, acc: 0.939--- 0.1453 seconds ---
115 / 1500 epochTrain loss: 0.222611, acc: 0.929 Val loss: 0.220017, acc: 0.919--- 0.1460 seconds ---
116 / 1500 epochTrain loss: 0.209592, acc: 0.934 Val loss: 0.218455, acc: 0.929--- 0.1459 seconds ---
117 / 1500 epochTrain loss: 0.212508, acc: 0.928 Val loss: 0.215403, acc: 0.939--- 0.1457 seconds ---
118 / 1500 epochTrain loss: 0.206863, acc: 0.922 Val loss: 0.205173, acc: 0.939--- 0.1455 seconds ---
119 / 1500 epochTrain loss: 0.220509, acc: 0.923 Val loss: 0.203249, acc: 0.939--- 0.1455 seconds ---
120 / 1500 epochTrain loss: 0.209471, acc: 0.926 Val loss: 0.204975, acc: 0.929--- 0.1463 seconds ---
121 / 1500 epochTrain loss: 0.209477, acc: 0.925 Val loss: 0.201244, acc: 0.929--- 0.1454 seconds ---
122 / 1500 epochTrain loss: 0.199660, acc: 0.936 Val loss: 0.204065, acc: 0.939--- 0.1456 seconds ---
123 / 1500 epochTrain loss: 0.190033, acc: 0.940 Val loss: 0.203790, acc: 0.939--- 0.1464 seconds ---
124 / 1500 epochTrain loss: 0.205742, acc: 0.928 Val loss: 0.206613, acc: 0.939--- 0.1455 seconds ---
125 / 1500 epochTrain loss: 0.193155, acc: 0.937 Val loss: 0.214465, acc: 0.939--- 0.1452 seconds ---
126 / 1500 epochTrain loss: 0.192852, acc: 0.931 Val loss: 0.209430, acc: 0.939--- 0.1464 seconds ---
127 / 1500 epochTrain loss: 0.198760, acc: 0.932 Val loss: 0.207128, acc: 0.949--- 0.1463 seconds ---
128 / 1500 epochTrain loss: 0.197099, acc: 0.933 Val loss: 0.202231, acc: 0.949--- 0.1454 seconds ---
129 / 1500 epochTrain loss: 0.197600, acc: 0.933 Val loss: 0.200260, acc: 0.949--- 0.1455 seconds ---
130 / 1500 epochTrain loss: 0.201875, acc: 0.929 Val loss: 0.198897, acc: 0.949--- 0.1459 seconds ---
131 / 1500 epochTrain loss: 0.203590, acc: 0.928 Val loss: 0.198604, acc: 0.949--- 0.1458 seconds ---
132 / 1500 epochTrain loss: 0.200693, acc: 0.934 Val loss: 0.197502, acc: 0.949--- 0.1454 seconds ---
133 / 1500 epochTrain loss: 0.193874, acc: 0.929 Val loss: 0.198384, acc: 0.949--- 0.1455 seconds ---
134 / 1500 epochTrain loss: 0.198177, acc: 0.939 Val loss: 0.202252, acc: 0.949--- 0.1461 seconds ---
135 / 1500 epochTrain loss: 0.193193, acc: 0.927 Val loss: 0.200331, acc: 0.949--- 0.1457 seconds ---
136 / 1500 epochTrain loss: 0.198187, acc: 0.924 Val loss: 0.201662, acc: 0.960--- 0.1456 seconds ---
137 / 1500 epochTrain loss: 0.200538, acc: 0.932 Val loss: 0.204953, acc: 0.960--- 0.1451 seconds ---
138 / 1500 epochTrain loss: 0.183284, acc: 0.940 Val loss: 0.199907, acc: 0.960--- 0.1449 seconds ---
139 / 1500 epochTrain loss: 0.184746, acc: 0.940 Val loss: 0.202323, acc: 0.960--- 0.1457 seconds ---
140 / 1500 epochTrain loss: 0.183175, acc: 0.939 Val loss: 0.199610, acc: 0.960--- 0.1461 seconds ---
141 / 1500 epochTrain loss: 0.190436, acc: 0.929 Val loss: 0.198957, acc: 0.960--- 0.1455 seconds ---
142 / 1500 epochTrain loss: 0.187503, acc: 0.936 Val loss: 0.198961, acc: 0.960--- 0.1458 seconds ---
143 / 1500 epochTrain loss: 0.199520, acc: 0.932 Val loss: 0.197342, acc: 0.960--- 0.1453 seconds ---
144 / 1500 epochTrain loss: 0.178176, acc: 0.934 Val loss: 0.195002, acc: 0.949--- 0.1455 seconds ---
145 / 1500 epochTrain loss: 0.192575, acc: 0.933 Val loss: 0.197637, acc: 0.949--- 0.1459 seconds ---
146 / 1500 epochTrain loss: 0.187480, acc: 0.932 Val loss: 0.200252, acc: 0.949--- 0.1451 seconds ---
147 / 1500 epochTrain loss: 0.188665, acc: 0.940 Val loss: 0.195289, acc: 0.949--- 0.1447 seconds ---
148 / 1500 epochTrain loss: 0.176723, acc: 0.945 Val loss: 0.186938, acc: 0.949--- 0.1446 seconds ---
149 / 1500 epochTrain loss: 0.179320, acc: 0.937 Val loss: 0.184180, acc: 0.949--- 0.1468 seconds ---
150 / 1500 epochTrain loss: 0.175656, acc: 0.938 Val loss: 0.180130, acc: 0.949--- 0.1457 seconds ---
151 / 1500 epochTrain loss: 0.196033, acc: 0.932 Val loss: 0.176678, acc: 0.949--- 0.1457 seconds ---
152 / 1500 epochTrain loss: 0.173217, acc: 0.943 Val loss: 0.175691, acc: 0.960--- 0.1459 seconds ---
153 / 1500 epochTrain loss: 0.178237, acc: 0.945 Val loss: 0.177648, acc: 0.960--- 0.1451 seconds ---
154 / 1500 epochTrain loss: 0.181299, acc: 0.942 Val loss: 0.177439, acc: 0.960--- 0.1453 seconds ---
155 / 1500 epochTrain loss: 0.182028, acc: 0.943 Val loss: 0.177142, acc: 0.949--- 0.1451 seconds ---
156 / 1500 epochTrain loss: 0.174670, acc: 0.939 Val loss: 0.187958, acc: 0.960--- 0.1460 seconds ---
157 / 1500 epochTrain loss: 0.168669, acc: 0.945 Val loss: 0.188548, acc: 0.970--- 0.1457 seconds ---
158 / 1500 epochTrain loss: 0.174531, acc: 0.938 Val loss: 0.181981, acc: 0.970--- 0.1457 seconds ---
159 / 1500 epochTrain loss: 0.173332, acc: 0.943 Val loss: 0.179457, acc: 0.970--- 0.1457 seconds ---
160 / 1500 epochTrain loss: 0.176586, acc: 0.936 Val loss: 0.175662, acc: 0.960--- 0.1455 seconds ---
161 / 1500 epochTrain loss: 0.178972, acc: 0.944 Val loss: 0.175557, acc: 0.960--- 0.1447 seconds ---
162 / 1500 epochTrain loss: 0.170299, acc: 0.945 Val loss: 0.180771, acc: 0.960--- 0.1461 seconds ---
163 / 1500 epochTrain loss: 0.172753, acc: 0.937 Val loss: 0.179534, acc: 0.960--- 0.1450 seconds ---
164 / 1500 epochTrain loss: 0.172639, acc: 0.945 Val loss: 0.181522, acc: 0.949--- 0.1444 seconds ---
165 / 1500 epochTrain loss: 0.180728, acc: 0.939 Val loss: 0.176448, acc: 0.960--- 0.1447 seconds ---
166 / 1500 epochTrain loss: 0.161645, acc: 0.945 Val loss: 0.181125, acc: 0.949--- 0.1448 seconds ---
167 / 1500 epochTrain loss: 0.169145, acc: 0.941 Val loss: 0.181639, acc: 0.949--- 0.1474 seconds ---
168 / 1500 epochTrain loss: 0.164482, acc: 0.951 Val loss: 0.170326, acc: 0.960--- 0.1448 seconds ---
169 / 1500 epochTrain loss: 0.169076, acc: 0.942 Val loss: 0.169691, acc: 0.960--- 0.1460 seconds ---
170 / 1500 epochTrain loss: 0.179645, acc: 0.937 Val loss: 0.167083, acc: 0.960--- 0.1461 seconds ---
171 / 1500 epochTrain loss: 0.164990, acc: 0.945 Val loss: 0.168217, acc: 0.960--- 0.1452 seconds ---
172 / 1500 epochTrain loss: 0.165961, acc: 0.944 Val loss: 0.171405, acc: 0.960--- 0.1451 seconds ---
173 / 1500 epochTrain loss: 0.174050, acc: 0.940 Val loss: 0.181262, acc: 0.970--- 0.1443 seconds ---
174 / 1500 epochTrain loss: 0.172782, acc: 0.939 Val loss: 0.180957, acc: 0.960--- 0.1454 seconds ---
175 / 1500 epochTrain loss: 0.163231, acc: 0.949 Val loss: 0.181920, acc: 0.949--- 0.1455 seconds ---
176 / 1500 epochTrain loss: 0.165526, acc: 0.946 Val loss: 0.173829, acc: 0.960--- 0.1445 seconds ---
177 / 1500 epochTrain loss: 0.179098, acc: 0.943 Val loss: 0.170694, acc: 0.960--- 0.1443 seconds ---
178 / 1500 epochTrain loss: 0.179763, acc: 0.942 Val loss: 0.170030, acc: 0.970--- 0.1449 seconds ---
179 / 1500 epochTrain loss: 0.179328, acc: 0.939 Val loss: 0.176475, acc: 0.960--- 0.1452 seconds ---
180 / 1500 epochTrain loss: 0.158469, acc: 0.947 Val loss: 0.176248, acc: 0.949--- 0.1451 seconds ---
181 / 1500 epochTrain loss: 0.173812, acc: 0.939 Val loss: 0.183009, acc: 0.949--- 0.1447 seconds ---
182 / 1500 epochTrain loss: 0.171135, acc: 0.947 Val loss: 0.182369, acc: 0.970--- 0.1446 seconds ---
183 / 1500 epochTrain loss: 0.174299, acc: 0.945 Val loss: 0.181917, acc: 0.970--- 0.1479 seconds ---
184 / 1500 epochTrain loss: 0.171907, acc: 0.945 Val loss: 0.184806, acc: 0.949--- 0.1449 seconds ---
185 / 1500 epochTrain loss: 0.165170, acc: 0.947 Val loss: 0.179775, acc: 0.949--- 0.1451 seconds ---
186 / 1500 epochTrain loss: 0.169653, acc: 0.942 Val loss: 0.177881, acc: 0.939--- 0.1447 seconds ---
187 / 1500 epochTrain loss: 0.157708, acc: 0.949 Val loss: 0.179209, acc: 0.939--- 0.1448 seconds ---
188 / 1500 epochTrain loss: 0.177534, acc: 0.940 Val loss: 0.181371, acc: 0.949--- 0.1444 seconds ---
189 / 1500 epochTrain loss: 0.168846, acc: 0.941 Val loss: 0.181273, acc: 0.949--- 0.1456 seconds ---
190 / 1500 epochTrain loss: 0.159274, acc: 0.952 Val loss: 0.186411, acc: 0.939--- 0.1442 seconds ---
191 / 1500 epochTrain loss: 0.152157, acc: 0.951 Val loss: 0.183671, acc: 0.960--- 0.1440 seconds ---
192 / 1500 epochTrain loss: 0.163633, acc: 0.951 Val loss: 0.182241, acc: 0.960--- 0.1445 seconds ---
193 / 1500 epochTrain loss: 0.150152, acc: 0.958 Val loss: 0.181948, acc: 0.949--- 0.1442 seconds ---
194 / 1500 epochTrain loss: 0.159686, acc: 0.948 Val loss: 0.179213, acc: 0.949--- 0.1445 seconds ---
195 / 1500 epochTrain loss: 0.156883, acc: 0.952 Val loss: 0.178475, acc: 0.960--- 0.1444 seconds ---
196 / 1500 epochTrain loss: 0.153733, acc: 0.949 Val loss: 0.171974, acc: 0.960--- 0.1447 seconds ---
197 / 1500 epochTrain loss: 0.161795, acc: 0.945 Val loss: 0.174236, acc: 0.949--- 0.1453 seconds ---
198 / 1500 epochTrain loss: 0.164434, acc: 0.944 Val loss: 0.173701, acc: 0.949--- 0.1452 seconds ---
199 / 1500 epochTrain loss: 0.159783, acc: 0.946 Val loss: 0.171637, acc: 0.949--- 0.1456 seconds ---
200 / 1500 epochTrain loss: 0.158464, acc: 0.947 Val loss: 0.172005, acc: 0.949--- 0.1451 seconds ---
201 / 1500 epochTrain loss: 0.152945, acc: 0.952 Val loss: 0.169646, acc: 0.970--- 0.1441 seconds ---
202 / 1500 epochTrain loss: 0.152647, acc: 0.948 Val loss: 0.172863, acc: 0.960--- 0.1449 seconds ---
203 / 1500 epochTrain loss: 0.149814, acc: 0.949 Val loss: 0.175053, acc: 0.960--- 0.1563 seconds ---
204 / 1500 epochTrain loss: 0.153083, acc: 0.952 Val loss: 0.173836, acc: 0.960--- 0.1509 seconds ---
205 / 1500 epochTrain loss: 0.154445, acc: 0.951 Val loss: 0.175769, acc: 0.949--- 0.1448 seconds ---
206 / 1500 epochTrain loss: 0.150071, acc: 0.952 Val loss: 0.170218, acc: 0.960--- 0.1444 seconds ---
207 / 1500 epochTrain loss: 0.155480, acc: 0.949 Val loss: 0.168474, acc: 0.960--- 0.1446 seconds ---
208 / 1500 epochTrain loss: 0.149213, acc: 0.949 Val loss: 0.165817, acc: 0.960--- 0.1445 seconds ---
209 / 1500 epochTrain loss: 0.157574, acc: 0.954 Val loss: 0.171256, acc: 0.949--- 0.1452 seconds ---
210 / 1500 epochTrain loss: 0.148725, acc: 0.949 Val loss: 0.173304, acc: 0.939--- 0.1446 seconds ---
211 / 1500 epochTrain loss: 0.151727, acc: 0.952 Val loss: 0.163171, acc: 0.939--- 0.1446 seconds ---
212 / 1500 epochTrain loss: 0.146786, acc: 0.955 Val loss: 0.167719, acc: 0.939--- 0.1454 seconds ---
213 / 1500 epochTrain loss: 0.144822, acc: 0.953 Val loss: 0.171023, acc: 0.939--- 0.1451 seconds ---
214 / 1500 epochTrain loss: 0.147091, acc: 0.954 Val loss: 0.171696, acc: 0.929--- 0.1444 seconds ---
215 / 1500 epochTrain loss: 0.144040, acc: 0.956 Val loss: 0.163559, acc: 0.929--- 0.1447 seconds ---
216 / 1500 epochTrain loss: 0.156595, acc: 0.949 Val loss: 0.180064, acc: 0.939--- 0.1449 seconds ---
217 / 1500 epochTrain loss: 0.143382, acc: 0.955 Val loss: 0.176477, acc: 0.949--- 0.1447 seconds ---
218 / 1500 epochTrain loss: 0.144562, acc: 0.955 Val loss: 0.173050, acc: 0.949--- 0.1447 seconds ---
219 / 1500 epochTrain loss: 0.136122, acc: 0.956 Val loss: 0.172045, acc: 0.949--- 0.1458 seconds ---
220 / 1500 epochTrain loss: 0.141084, acc: 0.957 Val loss: 0.177810, acc: 0.939--- 0.1444 seconds ---
221 / 1500 epochTrain loss: 0.153497, acc: 0.953 Val loss: 0.172505, acc: 0.960--- 0.1453 seconds ---
222 / 1500 epochTrain loss: 0.157742, acc: 0.949 Val loss: 0.167045, acc: 0.949--- 0.1449 seconds ---
223 / 1500 epochTrain loss: 0.147120, acc: 0.951 Val loss: 0.167351, acc: 0.949--- 0.1448 seconds ---
224 / 1500 epochTrain loss: 0.137890, acc: 0.956 Val loss: 0.164071, acc: 0.949--- 0.1449 seconds ---
225 / 1500 epochTrain loss: 0.143088, acc: 0.958 Val loss: 0.160295, acc: 0.949--- 0.1441 seconds ---
226 / 1500 epochTrain loss: 0.145994, acc: 0.953 Val loss: 0.164334, acc: 0.949--- 0.1461 seconds ---
227 / 1500 epochTrain loss: 0.162820, acc: 0.947 Val loss: 0.161665, acc: 0.949--- 0.1448 seconds ---
228 / 1500 epochTrain loss: 0.142124, acc: 0.956 Val loss: 0.155622, acc: 0.960--- 0.1444 seconds ---
229 / 1500 epochTrain loss: 0.140154, acc: 0.957 Val loss: 0.153095, acc: 0.960--- 0.1450 seconds ---
230 / 1500 epochTrain loss: 0.145050, acc: 0.952 Val loss: 0.134166, acc: 0.960--- 0.1449 seconds ---
231 / 1500 epochTrain loss: 0.161595, acc: 0.944 Val loss: 0.147719, acc: 0.960--- 0.1450 seconds ---
232 / 1500 epochTrain loss: 0.144824, acc: 0.952 Val loss: 0.145227, acc: 0.960--- 0.1449 seconds ---
233 / 1500 epochTrain loss: 0.142351, acc: 0.956 Val loss: 0.147654, acc: 0.960--- 0.1449 seconds ---
234 / 1500 epochTrain loss: 0.129702, acc: 0.961 Val loss: 0.148813, acc: 0.960--- 0.1445 seconds ---
235 / 1500 epochTrain loss: 0.150828, acc: 0.952 Val loss: 0.150703, acc: 0.960--- 0.1444 seconds ---
236 / 1500 epochTrain loss: 0.139044, acc: 0.958 Val loss: 0.151179, acc: 0.949--- 0.1446 seconds ---
237 / 1500 epochTrain loss: 0.136594, acc: 0.954 Val loss: 0.158528, acc: 0.949--- 0.1448 seconds ---
238 / 1500 epochTrain loss: 0.146358, acc: 0.950 Val loss: 0.152108, acc: 0.949--- 0.1447 seconds ---
239 / 1500 epochTrain loss: 0.141356, acc: 0.957 Val loss: 0.147349, acc: 0.949--- 0.1454 seconds ---
240 / 1500 epochTrain loss: 0.141440, acc: 0.952 Val loss: 0.141676, acc: 0.949--- 0.1450 seconds ---
241 / 1500 epochTrain loss: 0.147438, acc: 0.948 Val loss: 0.142280, acc: 0.949--- 0.1450 seconds ---
242 / 1500 epochTrain loss: 0.143099, acc: 0.951 Val loss: 0.148332, acc: 0.949--- 0.1452 seconds ---
243 / 1500 epochTrain loss: 0.136248, acc: 0.955 Val loss: 0.153875, acc: 0.939--- 0.1455 seconds ---
244 / 1500 epochTrain loss: 0.142712, acc: 0.951 Val loss: 0.162792, acc: 0.939--- 0.1445 seconds ---
245 / 1500 epochTrain loss: 0.139288, acc: 0.954 Val loss: 0.162978, acc: 0.939--- 0.1446 seconds ---
246 / 1500 epochTrain loss: 0.139328, acc: 0.953 Val loss: 0.149539, acc: 0.949--- 0.1451 seconds ---
247 / 1500 epochTrain loss: 0.137988, acc: 0.959 Val loss: 0.147499, acc: 0.949--- 0.1447 seconds ---
248 / 1500 epochTrain loss: 0.132560, acc: 0.956 Val loss: 0.143838, acc: 0.960--- 0.1449 seconds ---
249 / 1500 epochTrain loss: 0.141318, acc: 0.954 Val loss: 0.151459, acc: 0.949--- 0.1454 seconds ---
250 / 1500 epochTrain loss: 0.146466, acc: 0.954 Val loss: 0.156898, acc: 0.949--- 0.1449 seconds ---
251 / 1500 epochTrain loss: 0.140688, acc: 0.955 Val loss: 0.162633, acc: 0.949--- 0.1495 seconds ---
252 / 1500 epochTrain loss: 0.135736, acc: 0.957 Val loss: 0.164704, acc: 0.949--- 0.1495 seconds ---
253 / 1500 epochTrain loss: 0.149378, acc: 0.949 Val loss: 0.158226, acc: 0.949--- 0.1457 seconds ---
254 / 1500 epochTrain loss: 0.132545, acc: 0.961 Val loss: 0.156300, acc: 0.960--- 0.1453 seconds ---
255 / 1500 epochTrain loss: 0.142496, acc: 0.957 Val loss: 0.153347, acc: 0.960--- 0.1453 seconds ---
256 / 1500 epochTrain loss: 0.145422, acc: 0.951 Val loss: 0.160308, acc: 0.949--- 0.1449 seconds ---
257 / 1500 epochTrain loss: 0.127395, acc: 0.957 Val loss: 0.151561, acc: 0.949--- 0.1440 seconds ---
258 / 1500 epochTrain loss: 0.146538, acc: 0.951 Val loss: 0.149795, acc: 0.939--- 0.1441 seconds ---
259 / 1500 epochTrain loss: 0.128994, acc: 0.956 Val loss: 0.155095, acc: 0.949--- 0.1449 seconds ---
260 / 1500 epochTrain loss: 0.137129, acc: 0.956 Val loss: 0.147959, acc: 0.929--- 0.1456 seconds ---
261 / 1500 epochTrain loss: 0.131671, acc: 0.960 Val loss: 0.146823, acc: 0.949--- 0.1449 seconds ---
262 / 1500 epochTrain loss: 0.138247, acc: 0.954 Val loss: 0.153191, acc: 0.949--- 0.1444 seconds ---
263 / 1500 epochTrain loss: 0.137456, acc: 0.956 Val loss: 0.156547, acc: 0.960--- 0.1444 seconds ---
264 / 1500 epochTrain loss: 0.133208, acc: 0.959 Val loss: 0.152657, acc: 0.949--- 0.1448 seconds ---
265 / 1500 epochTrain loss: 0.141863, acc: 0.957 Val loss: 0.148359, acc: 0.960--- 0.1448 seconds ---
266 / 1500 epochTrain loss: 0.143387, acc: 0.954 Val loss: 0.148401, acc: 0.960--- 0.1443 seconds ---
267 / 1500 epochTrain loss: 0.136277, acc: 0.952 Val loss: 0.142932, acc: 0.960--- 0.1448 seconds ---
268 / 1500 epochTrain loss: 0.136696, acc: 0.959 Val loss: 0.136417, acc: 0.960--- 0.1451 seconds ---
269 / 1500 epochTrain loss: 0.139039, acc: 0.954 Val loss: 0.128365, acc: 0.970--- 0.1443 seconds ---
270 / 1500 epochTrain loss: 0.118940, acc: 0.965 Val loss: 0.122409, acc: 0.970--- 0.1453 seconds ---
271 / 1500 epochTrain loss: 0.141061, acc: 0.949 Val loss: 0.125119, acc: 0.960--- 0.1455 seconds ---
272 / 1500 epochTrain loss: 0.138810, acc: 0.956 Val loss: 0.130651, acc: 0.949--- 0.1447 seconds ---
273 / 1500 epochTrain loss: 0.141230, acc: 0.945 Val loss: 0.135237, acc: 0.949--- 0.1446 seconds ---
274 / 1500 epochTrain loss: 0.134501, acc: 0.959 Val loss: 0.142352, acc: 0.939--- 0.1443 seconds ---
275 / 1500 epochTrain loss: 0.136468, acc: 0.957 Val loss: 0.138462, acc: 0.949--- 0.1449 seconds ---
276 / 1500 epochTrain loss: 0.143885, acc: 0.954 Val loss: 0.136320, acc: 0.949--- 0.1447 seconds ---
277 / 1500 epochTrain loss: 0.143049, acc: 0.949 Val loss: 0.126073, acc: 0.949--- 0.1443 seconds ---
278 / 1500 epochTrain loss: 0.128422, acc: 0.954 Val loss: 0.120676, acc: 0.960--- 0.1454 seconds ---
279 / 1500 epochTrain loss: 0.131601, acc: 0.959 Val loss: 0.123823, acc: 0.960--- 0.1455 seconds ---
280 / 1500 epochTrain loss: 0.125093, acc: 0.962 Val loss: 0.122810, acc: 0.970--- 0.1444 seconds ---
281 / 1500 epochTrain loss: 0.130077, acc: 0.959 Val loss: 0.127285, acc: 0.970--- 0.1464 seconds ---
282 / 1500 epochTrain loss: 0.147009, acc: 0.957 Val loss: 0.126364, acc: 0.970--- 0.1456 seconds ---
283 / 1500 epochTrain loss: 0.124202, acc: 0.959 Val loss: 0.126616, acc: 0.970--- 0.1454 seconds ---
284 / 1500 epochTrain loss: 0.122031, acc: 0.957 Val loss: 0.125182, acc: 0.960--- 0.1459 seconds ---
285 / 1500 epochTrain loss: 0.129336, acc: 0.959 Val loss: 0.124441, acc: 0.960--- 0.1448 seconds ---
286 / 1500 epochTrain loss: 0.128838, acc: 0.960 Val loss: 0.127794, acc: 0.960--- 0.1438 seconds ---
287 / 1500 epochTrain loss: 0.126731, acc: 0.959 Val loss: 0.131828, acc: 0.960--- 0.1447 seconds ---
288 / 1500 epochTrain loss: 0.121301, acc: 0.964 Val loss: 0.132330, acc: 0.960--- 0.1445 seconds ---
289 / 1500 epochTrain loss: 0.128670, acc: 0.959 Val loss: 0.134417, acc: 0.960--- 0.1445 seconds ---
290 / 1500 epochTrain loss: 0.113529, acc: 0.962 Val loss: 0.129027, acc: 0.960--- 0.1450 seconds ---
291 / 1500 epochTrain loss: 0.121246, acc: 0.964 Val loss: 0.128362, acc: 0.960--- 0.1450 seconds ---
292 / 1500 epochTrain loss: 0.135965, acc: 0.961 Val loss: 0.124508, acc: 0.960--- 0.1445 seconds ---
293 / 1500 epochTrain loss: 0.117940, acc: 0.967 Val loss: 0.122457, acc: 0.960--- 0.1453 seconds ---
294 / 1500 epochTrain loss: 0.122279, acc: 0.959 Val loss: 0.126269, acc: 0.960--- 0.1448 seconds ---
295 / 1500 epochTrain loss: 0.121562, acc: 0.964 Val loss: 0.128203, acc: 0.960--- 0.1444 seconds ---
296 / 1500 epochTrain loss: 0.123699, acc: 0.952 Val loss: 0.131127, acc: 0.960--- 0.1447 seconds ---
297 / 1500 epochTrain loss: 0.121473, acc: 0.963 Val loss: 0.131808, acc: 0.960--- 0.1447 seconds ---
298 / 1500 epochTrain loss: 0.123375, acc: 0.959 Val loss: 0.136386, acc: 0.960--- 0.1491 seconds ---
299 / 1500 epochTrain loss: 0.119879, acc: 0.962 Val loss: 0.135581, acc: 0.949--- 0.1478 seconds ---
300 / 1500 epochTrain loss: 0.116010, acc: 0.961 Val loss: 0.137093, acc: 0.949--- 0.1455 seconds ---
301 / 1500 epochTrain loss: 0.121845, acc: 0.960 Val loss: 0.136004, acc: 0.949--- 0.1445 seconds ---
302 / 1500 epochTrain loss: 0.124833, acc: 0.962 Val loss: 0.148673, acc: 0.949--- 0.1451 seconds ---
303 / 1500 epochTrain loss: 0.118309, acc: 0.956 Val loss: 0.149210, acc: 0.949--- 0.1448 seconds ---
304 / 1500 epochTrain loss: 0.122765, acc: 0.956 Val loss: 0.141857, acc: 0.949--- 0.1448 seconds ---
305 / 1500 epochTrain loss: 0.117244, acc: 0.959 Val loss: 0.147468, acc: 0.949--- 0.1446 seconds ---
306 / 1500 epochTrain loss: 0.112293, acc: 0.966 Val loss: 0.146393, acc: 0.949--- 0.1444 seconds ---
307 / 1500 epochTrain loss: 0.119861, acc: 0.963 Val loss: 0.139751, acc: 0.949--- 0.1451 seconds ---
308 / 1500 epochTrain loss: 0.115443, acc: 0.961 Val loss: 0.135987, acc: 0.949--- 0.1442 seconds ---
309 / 1500 epochTrain loss: 0.118166, acc: 0.961 Val loss: 0.133054, acc: 0.960--- 0.1447 seconds ---
310 / 1500 epochTrain loss: 0.119385, acc: 0.954 Val loss: 0.144147, acc: 0.949--- 0.1452 seconds ---
311 / 1500 epochTrain loss: 0.119650, acc: 0.964 Val loss: 0.146677, acc: 0.949--- 0.1449 seconds ---
312 / 1500 epochTrain loss: 0.108678, acc: 0.965 Val loss: 0.148020, acc: 0.949--- 0.1447 seconds ---
313 / 1500 epochTrain loss: 0.115227, acc: 0.961 Val loss: 0.146612, acc: 0.960--- 0.1444 seconds ---
314 / 1500 epochTrain loss: 0.112676, acc: 0.962 Val loss: 0.146734, acc: 0.960--- 0.1449 seconds ---
315 / 1500 epochTrain loss: 0.118025, acc: 0.957 Val loss: 0.145493, acc: 0.960--- 0.1462 seconds ---
316 / 1500 epochTrain loss: 0.126997, acc: 0.954 Val loss: 0.141313, acc: 0.970--- 0.1458 seconds ---
317 / 1500 epochTrain loss: 0.111132, acc: 0.963 Val loss: 0.141096, acc: 0.970--- 0.1453 seconds ---
318 / 1500 epochTrain loss: 0.121637, acc: 0.962 Val loss: 0.132818, acc: 0.970--- 0.1458 seconds ---
319 / 1500 epochTrain loss: 0.120643, acc: 0.957 Val loss: 0.131768, acc: 0.970--- 0.1448 seconds ---
320 / 1500 epochTrain loss: 0.106393, acc: 0.964 Val loss: 0.130790, acc: 0.960--- 0.1453 seconds ---
321 / 1500 epochTrain loss: 0.120993, acc: 0.961 Val loss: 0.131130, acc: 0.960--- 0.1455 seconds ---
322 / 1500 epochTrain loss: 0.116004, acc: 0.966 Val loss: 0.134377, acc: 0.960--- 0.1446 seconds ---
323 / 1500 epochTrain loss: 0.121866, acc: 0.960 Val loss: 0.134391, acc: 0.960--- 0.1450 seconds ---
324 / 1500 epochTrain loss: 0.124930, acc: 0.962 Val loss: 0.135696, acc: 0.960--- 0.1450 seconds ---
325 / 1500 epochTrain loss: 0.124658, acc: 0.957 Val loss: 0.132498, acc: 0.960--- 0.1445 seconds ---
326 / 1500 epochTrain loss: 0.136412, acc: 0.961 Val loss: 0.128447, acc: 0.960--- 0.1447 seconds ---
327 / 1500 epochTrain loss: 0.122690, acc: 0.964 Val loss: 0.132643, acc: 0.949--- 0.1467 seconds ---
328 / 1500 epochTrain loss: 0.115247, acc: 0.962 Val loss: 0.133622, acc: 0.939--- 0.1447 seconds ---
329 / 1500 epochTrain loss: 0.115233, acc: 0.964 Val loss: 0.141307, acc: 0.939--- 0.1439 seconds ---
330 / 1500 epochTrain loss: 0.116055, acc: 0.965 Val loss: 0.143929, acc: 0.949--- 0.1444 seconds ---
331 / 1500 epochTrain loss: 0.123650, acc: 0.959 Val loss: 0.152329, acc: 0.939--- 0.1443 seconds ---
332 / 1500 epochTrain loss: 0.120667, acc: 0.964 Val loss: 0.158452, acc: 0.929--- 0.1448 seconds ---
333 / 1500 epochTrain loss: 0.116169, acc: 0.965 Val loss: 0.159439, acc: 0.939--- 0.1446 seconds ---
334 / 1500 epochTrain loss: 0.113391, acc: 0.965 Val loss: 0.157993, acc: 0.929--- 0.1451 seconds ---
335 / 1500 epochTrain loss: 0.126581, acc: 0.956 Val loss: 0.159265, acc: 0.929--- 0.1448 seconds ---
336 / 1500 epochTrain loss: 0.125501, acc: 0.959 Val loss: 0.166666, acc: 0.919--- 0.1454 seconds ---
337 / 1500 epochTrain loss: 0.117206, acc: 0.962 Val loss: 0.165157, acc: 0.929--- 0.1449 seconds ---
338 / 1500 epochTrain loss: 0.105211, acc: 0.972 Val loss: 0.163492, acc: 0.929--- 0.1446 seconds ---
339 / 1500 epochTrain loss: 0.121940, acc: 0.959 Val loss: 0.155985, acc: 0.939--- 0.1442 seconds ---
340 / 1500 epochTrain loss: 0.126327, acc: 0.961 Val loss: 0.179801, acc: 0.939--- 0.1450 seconds ---
341 / 1500 epochTrain loss: 0.118102, acc: 0.966 Val loss: 0.175685, acc: 0.939--- 0.1447 seconds ---
342 / 1500 epochTrain loss: 0.119796, acc: 0.961 Val loss: 0.173279, acc: 0.939--- 0.1451 seconds ---
343 / 1500 epochTrain loss: 0.130807, acc: 0.960 Val loss: 0.182745, acc: 0.929--- 0.1451 seconds ---
344 / 1500 epochTrain loss: 0.119218, acc: 0.966 Val loss: 0.177143, acc: 0.939--- 0.1449 seconds ---
345 / 1500 epochTrain loss: 0.121357, acc: 0.959 Val loss: 0.175304, acc: 0.939--- 0.1451 seconds ---
346 / 1500 epochTrain loss: 0.116173, acc: 0.966 Val loss: 0.176855, acc: 0.939--- 0.1598 seconds ---
347 / 1500 epochTrain loss: 0.116133, acc: 0.964 Val loss: 0.174900, acc: 0.929--- 0.1447 seconds ---
348 / 1500 epochTrain loss: 0.111804, acc: 0.966 Val loss: 0.173574, acc: 0.929--- 0.1448 seconds ---
349 / 1500 epochTrain loss: 0.119044, acc: 0.962 Val loss: 0.174767, acc: 0.939--- 0.1449 seconds ---
350 / 1500 epochTrain loss: 0.115444, acc: 0.960 Val loss: 0.177167, acc: 0.939--- 0.1447 seconds ---
351 / 1500 epochTrain loss: 0.112272, acc: 0.970 Val loss: 0.182287, acc: 0.939--- 0.1446 seconds ---
352 / 1500 epochTrain loss: 0.113420, acc: 0.964 Val loss: 0.182780, acc: 0.939--- 0.1448 seconds ---
353 / 1500 epochTrain loss: 0.113331, acc: 0.969 Val loss: 0.181767, acc: 0.939--- 0.1450 seconds ---
354 / 1500 epochTrain loss: 0.113379, acc: 0.962 Val loss: 0.176308, acc: 0.949--- 0.1451 seconds ---
355 / 1500 epochTrain loss: 0.107210, acc: 0.962 Val loss: 0.171631, acc: 0.949--- 0.1452 seconds ---
356 / 1500 epochTrain loss: 0.112963, acc: 0.967 Val loss: 0.172377, acc: 0.949--- 0.1444 seconds ---
357 / 1500 epochTrain loss: 0.103330, acc: 0.969 Val loss: 0.174488, acc: 0.949--- 0.1445 seconds ---
358 / 1500 epochTrain loss: 0.111451, acc: 0.964 Val loss: 0.176223, acc: 0.949--- 0.1446 seconds ---
359 / 1500 epochTrain loss: 0.107508, acc: 0.969 Val loss: 0.177368, acc: 0.939--- 0.1445 seconds ---
360 / 1500 epochTrain loss: 0.116944, acc: 0.963 Val loss: 0.177046, acc: 0.939--- 0.1443 seconds ---
361 / 1500 epochTrain loss: 0.105591, acc: 0.967 Val loss: 0.170375, acc: 0.939--- 0.1447 seconds ---
362 / 1500 epochTrain loss: 0.111331, acc: 0.966 Val loss: 0.166464, acc: 0.939--- 0.1444 seconds ---
363 / 1500 epochTrain loss: 0.121998, acc: 0.961 Val loss: 0.170962, acc: 0.939--- 0.1439 seconds ---
364 / 1500 epochTrain loss: 0.110758, acc: 0.968 Val loss: 0.163921, acc: 0.960--- 0.1445 seconds ---
365 / 1500 epochTrain loss: 0.100588, acc: 0.967 Val loss: 0.163073, acc: 0.949--- 0.1441 seconds ---
366 / 1500 epochTrain loss: 0.107884, acc: 0.967 Val loss: 0.156004, acc: 0.960--- 0.1444 seconds ---
367 / 1500 epochTrain loss: 0.106026, acc: 0.966 Val loss: 0.153981, acc: 0.960--- 0.1445 seconds ---
368 / 1500 epochTrain loss: 0.109428, acc: 0.968 Val loss: 0.158755, acc: 0.960--- 0.1448 seconds ---
369 / 1500 epochTrain loss: 0.107244, acc: 0.971 Val loss: 0.159901, acc: 0.960--- 0.1443 seconds ---
370 / 1500 epochTrain loss: 0.112281, acc: 0.963 Val loss: 0.160830, acc: 0.960--- 0.1471 seconds ---
371 / 1500 epochTrain loss: 0.107242, acc: 0.970 Val loss: 0.167813, acc: 0.949--- 0.1444 seconds ---
372 / 1500 epochTrain loss: 0.100973, acc: 0.969 Val loss: 0.168334, acc: 0.960--- 0.1446 seconds ---
373 / 1500 epochTrain loss: 0.120545, acc: 0.962 Val loss: 0.168469, acc: 0.960--- 0.1449 seconds ---
374 / 1500 epochTrain loss: 0.114275, acc: 0.967 Val loss: 0.165138, acc: 0.960--- 0.1448 seconds ---
375 / 1500 epochTrain loss: 0.110927, acc: 0.966 Val loss: 0.155622, acc: 0.960--- 0.1450 seconds ---
376 / 1500 epochTrain loss: 0.121989, acc: 0.961 Val loss: 0.152908, acc: 0.960--- 0.1461 seconds ---
377 / 1500 epochTrain loss: 0.117310, acc: 0.962 Val loss: 0.150961, acc: 0.949--- 0.1445 seconds ---
378 / 1500 epochTrain loss: 0.107185, acc: 0.967 Val loss: 0.149790, acc: 0.960--- 0.1454 seconds ---
379 / 1500 epochTrain loss: 0.118452, acc: 0.964 Val loss: 0.153116, acc: 0.960--- 0.1447 seconds ---
380 / 1500 epochTrain loss: 0.102736, acc: 0.970 Val loss: 0.152561, acc: 0.960--- 0.1447 seconds ---
381 / 1500 epochTrain loss: 0.112455, acc: 0.964 Val loss: 0.147202, acc: 0.960--- 0.1449 seconds ---
382 / 1500 epochTrain loss: 0.098963, acc: 0.964 Val loss: 0.150731, acc: 0.960--- 0.1445 seconds ---
383 / 1500 epochTrain loss: 0.115786, acc: 0.962 Val loss: 0.157330, acc: 0.960--- 0.1455 seconds ---
384 / 1500 epochTrain loss: 0.105148, acc: 0.966 Val loss: 0.154265, acc: 0.960--- 0.1448 seconds ---
385 / 1500 epochTrain loss: 0.099671, acc: 0.964 Val loss: 0.164910, acc: 0.960--- 0.1451 seconds ---
386 / 1500 epochTrain loss: 0.109281, acc: 0.963 Val loss: 0.158692, acc: 0.960--- 0.1444 seconds ---
387 / 1500 epochTrain loss: 0.105622, acc: 0.966 Val loss: 0.157137, acc: 0.960--- 0.1449 seconds ---
388 / 1500 epochTrain loss: 0.107995, acc: 0.962 Val loss: 0.155742, acc: 0.960--- 0.1444 seconds ---
389 / 1500 epochTrain loss: 0.117527, acc: 0.962 Val loss: 0.154726, acc: 0.960--- 0.1443 seconds ---
390 / 1500 epochTrain loss: 0.110952, acc: 0.962 Val loss: 0.153861, acc: 0.960--- 0.1451 seconds ---
391 / 1500 epochTrain loss: 0.106140, acc: 0.969 Val loss: 0.150799, acc: 0.960--- 0.1442 seconds ---
392 / 1500 epochTrain loss: 0.110692, acc: 0.965 Val loss: 0.153574, acc: 0.960--- 0.1444 seconds ---
393 / 1500 epochTrain loss: 0.120275, acc: 0.962 Val loss: 0.157893, acc: 0.960--- 0.1444 seconds ---
394 / 1500 epochTrain loss: 0.114726, acc: 0.964 Val loss: 0.161952, acc: 0.960--- 0.1516 seconds ---
395 / 1500 epochTrain loss: 0.108450, acc: 0.962 Val loss: 0.162610, acc: 0.960--- 0.1447 seconds ---
396 / 1500 epochTrain loss: 0.110309, acc: 0.965 Val loss: 0.155431, acc: 0.960--- 0.1455 seconds ---
397 / 1500 epochTrain loss: 0.117087, acc: 0.967 Val loss: 0.151606, acc: 0.960--- 0.1458 seconds ---
398 / 1500 epochTrain loss: 0.100940, acc: 0.969 Val loss: 0.145357, acc: 0.960--- 0.1450 seconds ---
399 / 1500 epochTrain loss: 0.112594, acc: 0.963 Val loss: 0.143269, acc: 0.960--- 0.1446 seconds ---
400 / 1500 epochTrain loss: 0.108916, acc: 0.967 Val loss: 0.143310, acc: 0.960--- 0.1454 seconds ---
401 / 1500 epochTrain loss: 0.105969, acc: 0.963 Val loss: 0.143035, acc: 0.960--- 0.1452 seconds ---
402 / 1500 epochTrain loss: 0.107503, acc: 0.966 Val loss: 0.137325, acc: 0.960--- 0.1449 seconds ---
403 / 1500 epochTrain loss: 0.106785, acc: 0.967 Val loss: 0.140324, acc: 0.960--- 0.1446 seconds ---
404 / 1500 epochTrain loss: 0.105431, acc: 0.969 Val loss: 0.141137, acc: 0.960--- 0.1451 seconds ---
405 / 1500 epochTrain loss: 0.100021, acc: 0.973 Val loss: 0.141081, acc: 0.960--- 0.1453 seconds ---
406 / 1500 epochTrain loss: 0.111515, acc: 0.958 Val loss: 0.136881, acc: 0.960--- 0.1451 seconds ---
407 / 1500 epochTrain loss: 0.101951, acc: 0.969 Val loss: 0.136989, acc: 0.949--- 0.1444 seconds ---
408 / 1500 epochTrain loss: 0.108055, acc: 0.962 Val loss: 0.136244, acc: 0.949--- 0.1439 seconds ---
409 / 1500 epochTrain loss: 0.105752, acc: 0.966 Val loss: 0.138251, acc: 0.949--- 0.1443 seconds ---
410 / 1500 epochTrain loss: 0.105655, acc: 0.968 Val loss: 0.136946, acc: 0.949--- 0.1450 seconds ---
411 / 1500 epochTrain loss: 0.100891, acc: 0.966 Val loss: 0.134274, acc: 0.960--- 0.1451 seconds ---
412 / 1500 epochTrain loss: 0.100586, acc: 0.971 Val loss: 0.121371, acc: 0.970--- 0.1443 seconds ---
413 / 1500 epochTrain loss: 0.101088, acc: 0.967 Val loss: 0.120573, acc: 0.970--- 0.1451 seconds ---
414 / 1500 epochTrain loss: 0.100845, acc: 0.969 Val loss: 0.118737, acc: 0.960--- 0.1448 seconds ---
415 / 1500 epochTrain loss: 0.105475, acc: 0.964 Val loss: 0.115613, acc: 0.960--- 0.1451 seconds ---
416 / 1500 epochTrain loss: 0.109741, acc: 0.965 Val loss: 0.141501, acc: 0.960--- 0.1453 seconds ---
417 / 1500 epochTrain loss: 0.103178, acc: 0.969 Val loss: 0.141040, acc: 0.960--- 0.1450 seconds ---
418 / 1500 epochTrain loss: 0.118729, acc: 0.959 Val loss: 0.142732, acc: 0.960--- 0.1454 seconds ---
419 / 1500 epochTrain loss: 0.103355, acc: 0.967 Val loss: 0.149044, acc: 0.949--- 0.1449 seconds ---
420 / 1500 epochTrain loss: 0.106995, acc: 0.968 Val loss: 0.145219, acc: 0.949--- 0.1439 seconds ---
421 / 1500 epochTrain loss: 0.113624, acc: 0.966 Val loss: 0.143162, acc: 0.949--- 0.1442 seconds ---
422 / 1500 epochTrain loss: 0.112920, acc: 0.964 Val loss: 0.141345, acc: 0.949--- 0.1448 seconds ---
423 / 1500 epochTrain loss: 0.106863, acc: 0.963 Val loss: 0.143077, acc: 0.949--- 0.1451 seconds ---
424 / 1500 epochTrain loss: 0.118245, acc: 0.957 Val loss: 0.141220, acc: 0.939--- 0.1445 seconds ---
425 / 1500 epochTrain loss: 0.107972, acc: 0.966 Val loss: 0.139629, acc: 0.939--- 0.1448 seconds ---
426 / 1500 epochTrain loss: 0.116866, acc: 0.962 Val loss: 0.139617, acc: 0.939--- 0.1442 seconds ---
427 / 1500 epochTrain loss: 0.109578, acc: 0.967 Val loss: 0.143189, acc: 0.939--- 0.1450 seconds ---
428 / 1500 epochTrain loss: 0.114560, acc: 0.965 Val loss: 0.142038, acc: 0.939--- 0.1455 seconds ---
429 / 1500 epochTrain loss: 0.116619, acc: 0.957 Val loss: 0.137658, acc: 0.939--- 0.1446 seconds ---
430 / 1500 epochTrain loss: 0.118909, acc: 0.959 Val loss: 0.134804, acc: 0.949--- 0.1447 seconds ---
431 / 1500 epochTrain loss: 0.112763, acc: 0.966 Val loss: 0.133879, acc: 0.960--- 0.1448 seconds ---
432 / 1500 epochTrain loss: 0.113537, acc: 0.962 Val loss: 0.128283, acc: 0.960--- 0.1441 seconds ---
433 / 1500 epochTrain loss: 0.115511, acc: 0.961 Val loss: 0.127020, acc: 0.970--- 0.1446 seconds ---
434 / 1500 epochTrain loss: 0.121681, acc: 0.961 Val loss: 0.129234, acc: 0.970--- 0.1452 seconds ---
435 / 1500 epochTrain loss: 0.105306, acc: 0.971 Val loss: 0.124182, acc: 0.970--- 0.1450 seconds ---
436 / 1500 epochTrain loss: 0.113412, acc: 0.964 Val loss: 0.119515, acc: 0.970--- 0.1451 seconds ---
437 / 1500 epochTrain loss: 0.117589, acc: 0.962 Val loss: 0.115095, acc: 0.980--- 0.1543 seconds ---
438 / 1500 epochTrain loss: 0.110043, acc: 0.963 Val loss: 0.113710, acc: 0.960--- 0.1461 seconds ---
439 / 1500 epochTrain loss: 0.106097, acc: 0.964 Val loss: 0.117836, acc: 0.970--- 0.1455 seconds ---
440 / 1500 epochTrain loss: 0.113282, acc: 0.964 Val loss: 0.119083, acc: 0.960--- 0.1448 seconds ---
441 / 1500 epochTrain loss: 0.128976, acc: 0.962 Val loss: 0.093462, acc: 0.980--- 0.1454 seconds ---
442 / 1500 epochTrain loss: 0.117799, acc: 0.952 Val loss: 0.095307, acc: 0.970--- 0.1451 seconds ---
443 / 1500 epochTrain loss: 0.110302, acc: 0.964 Val loss: 0.093833, acc: 0.970--- 0.1462 seconds ---
444 / 1500 epochTrain loss: 0.111628, acc: 0.962 Val loss: 0.090547, acc: 0.970--- 0.1447 seconds ---
445 / 1500 epochTrain loss: 0.111559, acc: 0.962 Val loss: 0.091984, acc: 0.970--- 0.1453 seconds ---
446 / 1500 epochTrain loss: 0.102985, acc: 0.971 Val loss: 0.090622, acc: 0.970--- 0.1449 seconds ---
447 / 1500 epochTrain loss: 0.111018, acc: 0.969 Val loss: 0.089766, acc: 0.970--- 0.1444 seconds ---
448 / 1500 epochTrain loss: 0.102997, acc: 0.966 Val loss: 0.086941, acc: 0.970--- 0.1459 seconds ---
449 / 1500 epochTrain loss: 0.096814, acc: 0.972 Val loss: 0.086022, acc: 0.980--- 0.1457 seconds ---
450 / 1500 epochTrain loss: 0.104256, acc: 0.968 Val loss: 0.083340, acc: 0.980--- 0.1522 seconds ---
451 / 1500 epochTrain loss: 0.111771, acc: 0.964 Val loss: 0.081981, acc: 0.980--- 0.1456 seconds ---
452 / 1500 epochTrain loss: 0.097224, acc: 0.970 Val loss: 0.077729, acc: 0.980--- 0.1462 seconds ---
453 / 1500 epochTrain loss: 0.104230, acc: 0.962 Val loss: 0.074813, acc: 0.980--- 0.1456 seconds ---
454 / 1500 epochTrain loss: 0.105721, acc: 0.964 Val loss: 0.083225, acc: 0.980--- 0.1445 seconds ---
455 / 1500 epochTrain loss: 0.102532, acc: 0.968 Val loss: 0.079470, acc: 0.990--- 0.1458 seconds ---
456 / 1500 epochTrain loss: 0.113940, acc: 0.965 Val loss: 0.078673, acc: 0.990--- 0.1468 seconds ---
457 / 1500 epochTrain loss: 0.112535, acc: 0.966 Val loss: 0.080027, acc: 0.980--- 0.1456 seconds ---
458 / 1500 epochTrain loss: 0.113221, acc: 0.966 Val loss: 0.076666, acc: 0.980--- 0.1474 seconds ---
459 / 1500 epochTrain loss: 0.099832, acc: 0.968 Val loss: 0.075164, acc: 0.980--- 0.1448 seconds ---
460 / 1500 epochTrain loss: 0.104535, acc: 0.967 Val loss: 0.080341, acc: 0.980--- 0.1444 seconds ---
461 / 1500 epochTrain loss: 0.109431, acc: 0.965 Val loss: 0.082833, acc: 0.980--- 0.1441 seconds ---
462 / 1500 epochTrain loss: 0.104568, acc: 0.968 Val loss: 0.090186, acc: 0.980--- 0.1447 seconds ---
463 / 1500 epochTrain loss: 0.115081, acc: 0.963 Val loss: 0.085205, acc: 0.980--- 0.1449 seconds ---
464 / 1500 epochTrain loss: 0.113735, acc: 0.964 Val loss: 0.084603, acc: 0.980--- 0.1444 seconds ---
465 / 1500 epochTrain loss: 0.103953, acc: 0.966 Val loss: 0.083656, acc: 0.980--- 0.1451 seconds ---
466 / 1500 epochTrain loss: 0.113401, acc: 0.962 Val loss: 0.082125, acc: 0.980--- 0.1448 seconds ---
467 / 1500 epochTrain loss: 0.104590, acc: 0.966 Val loss: 0.108610, acc: 0.970--- 0.1452 seconds ---
468 / 1500 epochTrain loss: 0.115975, acc: 0.959 Val loss: 0.106615, acc: 0.970--- 0.1449 seconds ---
469 / 1500 epochTrain loss: 0.110850, acc: 0.971 Val loss: 0.108197, acc: 0.970--- 0.1440 seconds ---
470 / 1500 epochTrain loss: 0.109804, acc: 0.967 Val loss: 0.107115, acc: 0.970--- 0.1448 seconds ---
471 / 1500 epochTrain loss: 0.096156, acc: 0.972 Val loss: 0.116880, acc: 0.960--- 0.1449 seconds ---
472 / 1500 epochTrain loss: 0.115803, acc: 0.964 Val loss: 0.117523, acc: 0.960--- 0.1443 seconds ---
473 / 1500 epochTrain loss: 0.123896, acc: 0.958 Val loss: 0.123305, acc: 0.960--- 0.1456 seconds ---
474 / 1500 epochTrain loss: 0.110724, acc: 0.964 Val loss: 0.134199, acc: 0.970--- 0.1444 seconds ---
475 / 1500 epochTrain loss: 0.115208, acc: 0.962 Val loss: 0.132910, acc: 0.970--- 0.1444 seconds ---
476 / 1500 epochTrain loss: 0.116642, acc: 0.965 Val loss: 0.132156, acc: 0.970--- 0.1458 seconds ---
477 / 1500 epochTrain loss: 0.112008, acc: 0.967 Val loss: 0.131083, acc: 0.970--- 0.1454 seconds ---
478 / 1500 epochTrain loss: 0.115437, acc: 0.964 Val loss: 0.131537, acc: 0.949--- 0.1453 seconds ---
479 / 1500 epochTrain loss: 0.106671, acc: 0.967 Val loss: 0.133015, acc: 0.949--- 0.1444 seconds ---
480 / 1500 epochTrain loss: 0.118175, acc: 0.964 Val loss: 0.136439, acc: 0.949--- 0.1448 seconds ---
481 / 1500 epochTrain loss: 0.117933, acc: 0.962 Val loss: 0.130469, acc: 0.960--- 0.1453 seconds ---
482 / 1500 epochTrain loss: 0.113262, acc: 0.966 Val loss: 0.135811, acc: 0.960--- 0.1446 seconds ---
483 / 1500 epochTrain loss: 0.106188, acc: 0.966 Val loss: 0.130193, acc: 0.970--- 0.1448 seconds ---
484 / 1500 epochTrain loss: 0.117870, acc: 0.957 Val loss: 0.133914, acc: 0.949--- 0.1447 seconds ---
485 / 1500 epochTrain loss: 0.112391, acc: 0.962 Val loss: 0.132436, acc: 0.939--- 0.1444 seconds ---
486 / 1500 epochTrain loss: 0.110223, acc: 0.966 Val loss: 0.128810, acc: 0.949--- 0.1450 seconds ---
487 / 1500 epochTrain loss: 0.111497, acc: 0.963 Val loss: 0.125286, acc: 0.949--- 0.1447 seconds ---
488 / 1500 epochTrain loss: 0.112424, acc: 0.961 Val loss: 0.123276, acc: 0.960--- 0.1443 seconds ---
489 / 1500 epochTrain loss: 0.109967, acc: 0.967 Val loss: 0.132486, acc: 0.960--- 0.1448 seconds ---
490 / 1500 epochTrain loss: 0.107889, acc: 0.967 Val loss: 0.134997, acc: 0.960--- 0.1448 seconds ---
491 / 1500 epochTrain loss: 0.114532, acc: 0.965 Val loss: 0.136129, acc: 0.960--- 0.1449 seconds ---
492 / 1500 epochTrain loss: 0.113246, acc: 0.966 Val loss: 0.142834, acc: 0.960--- 0.1438 seconds ---
493 / 1500 epochTrain loss: 0.117891, acc: 0.964 Val loss: 0.147090, acc: 0.960--- 0.1447 seconds ---
494 / 1500 epochTrain loss: 0.101663, acc: 0.976 Val loss: 0.149273, acc: 0.960--- 0.1451 seconds ---
495 / 1500 epochTrain loss: 0.127141, acc: 0.957 Val loss: 0.147173, acc: 0.960--- 0.1451 seconds ---
496 / 1500 epochTrain loss: 0.111837, acc: 0.966 Val loss: 0.145638, acc: 0.960--- 0.1448 seconds ---
497 / 1500 epochTrain loss: 0.107160, acc: 0.965 Val loss: 0.148083, acc: 0.949--- 0.1443 seconds ---
498 / 1500 epochTrain loss: 0.110078, acc: 0.964 Val loss: 0.146489, acc: 0.939--- 0.1450 seconds ---
499 / 1500 epochTrain loss: 0.107390, acc: 0.968 Val loss: 0.143208, acc: 0.949--- 0.1446 seconds ---
500 / 1500 epochTrain loss: 0.116694, acc: 0.965 Val loss: 0.142510, acc: 0.949--- 0.1449 seconds ---
501 / 1500 epochTrain loss: 0.118219, acc: 0.962 Val loss: 0.141495, acc: 0.960--- 0.1445 seconds ---
502 / 1500 epochTrain loss: 0.113517, acc: 0.962 Val loss: 0.146321, acc: 0.960--- 0.1447 seconds ---
503 / 1500 epochTrain loss: 0.108951, acc: 0.962 Val loss: 0.132672, acc: 0.960--- 0.1446 seconds ---
504 / 1500 epochTrain loss: 0.129233, acc: 0.961 Val loss: 0.129489, acc: 0.960--- 0.1444 seconds ---
505 / 1500 epochTrain loss: 0.106840, acc: 0.966 Val loss: 0.132408, acc: 0.960--- 0.1450 seconds ---
506 / 1500 epochTrain loss: 0.114026, acc: 0.964 Val loss: 0.129809, acc: 0.960--- 0.1544 seconds ---
507 / 1500 epochTrain loss: 0.115192, acc: 0.967 Val loss: 0.129766, acc: 0.960--- 0.1495 seconds ---
508 / 1500 epochTrain loss: 0.119161, acc: 0.961 Val loss: 0.138884, acc: 0.949--- 0.1444 seconds ---
509 / 1500 epochTrain loss: 0.116887, acc: 0.962 Val loss: 0.144181, acc: 0.949--- 0.1443 seconds ---
510 / 1500 epochTrain loss: 0.108026, acc: 0.961 Val loss: 0.145110, acc: 0.949--- 0.1442 seconds ---
511 / 1500 epochTrain loss: 0.105521, acc: 0.967 Val loss: 0.136333, acc: 0.949--- 0.1454 seconds ---
512 / 1500 epochTrain loss: 0.102433, acc: 0.970 Val loss: 0.134989, acc: 0.960--- 0.1443 seconds ---
513 / 1500 epochTrain loss: 0.118648, acc: 0.956 Val loss: 0.133649, acc: 0.960--- 0.1443 seconds ---
514 / 1500 epochTrain loss: 0.114823, acc: 0.961 Val loss: 0.137214, acc: 0.960--- 0.1452 seconds ---
515 / 1500 epochTrain loss: 0.105817, acc: 0.965 Val loss: 0.147741, acc: 0.949--- 0.1446 seconds ---
516 / 1500 epochTrain loss: 0.102441, acc: 0.968 Val loss: 0.156877, acc: 0.949--- 0.1443 seconds ---
517 / 1500 epochTrain loss: 0.106942, acc: 0.964 Val loss: 0.159262, acc: 0.949--- 0.1444 seconds ---
518 / 1500 epochTrain loss: 0.109332, acc: 0.966 Val loss: 0.169183, acc: 0.949--- 0.1453 seconds ---
519 / 1500 epochTrain loss: 0.112886, acc: 0.964 Val loss: 0.158154, acc: 0.949--- 0.1444 seconds ---
520 / 1500 epochTrain loss: 0.105548, acc: 0.967 Val loss: 0.158718, acc: 0.949--- 0.1445 seconds ---
521 / 1500 epochTrain loss: 0.091233, acc: 0.976 Val loss: 0.156357, acc: 0.949--- 0.1442 seconds ---
522 / 1500 epochTrain loss: 0.100769, acc: 0.971 Val loss: 0.156951, acc: 0.949--- 0.1443 seconds ---
523 / 1500 epochTrain loss: 0.104929, acc: 0.964 Val loss: 0.165922, acc: 0.949--- 0.1442 seconds ---
524 / 1500 epochTrain loss: 0.096811, acc: 0.967 Val loss: 0.162988, acc: 0.949--- 0.1442 seconds ---
525 / 1500 epochTrain loss: 0.108904, acc: 0.971 Val loss: 0.153804, acc: 0.949--- 0.1447 seconds ---
526 / 1500 epochTrain loss: 0.091948, acc: 0.972 Val loss: 0.153985, acc: 0.949--- 0.1444 seconds ---
527 / 1500 epochTrain loss: 0.093330, acc: 0.974 Val loss: 0.155334, acc: 0.949--- 0.1443 seconds ---
528 / 1500 epochTrain loss: 0.111071, acc: 0.963 Val loss: 0.154374, acc: 0.949--- 0.1451 seconds ---
529 / 1500 epochTrain loss: 0.107131, acc: 0.969 Val loss: 0.157181, acc: 0.939--- 0.1444 seconds ---
530 / 1500 epochTrain loss: 0.098666, acc: 0.970 Val loss: 0.149133, acc: 0.949--- 0.1446 seconds ---
531 / 1500 epochTrain loss: 0.095249, acc: 0.974 Val loss: 0.146929, acc: 0.949--- 0.1444 seconds ---
532 / 1500 epochTrain loss: 0.100083, acc: 0.972 Val loss: 0.144831, acc: 0.949--- 0.1444 seconds ---
533 / 1500 epochTrain loss: 0.089817, acc: 0.975 Val loss: 0.147097, acc: 0.939--- 0.1439 seconds ---
534 / 1500 epochTrain loss: 0.096413, acc: 0.974 Val loss: 0.145540, acc: 0.939--- 0.1448 seconds ---
535 / 1500 epochTrain loss: 0.094603, acc: 0.971 Val loss: 0.150864, acc: 0.939--- 0.1437 seconds ---
536 / 1500 epochTrain loss: 0.105056, acc: 0.969 Val loss: 0.148540, acc: 0.939--- 0.1453 seconds ---
537 / 1500 epochTrain loss: 0.100019, acc: 0.964 Val loss: 0.148928, acc: 0.939--- 0.1445 seconds ---
538 / 1500 epochTrain loss: 0.106639, acc: 0.965 Val loss: 0.140803, acc: 0.939--- 0.1444 seconds ---
539 / 1500 epochTrain loss: 0.089633, acc: 0.973 Val loss: 0.133767, acc: 0.939--- 0.1448 seconds ---
540 / 1500 epochTrain loss: 0.091236, acc: 0.979 Val loss: 0.133536, acc: 0.939--- 0.1445 seconds ---
541 / 1500 epochTrain loss: 0.095029, acc: 0.971 Val loss: 0.133131, acc: 0.949--- 0.1447 seconds ---
542 / 1500 epochTrain loss: 0.093825, acc: 0.972 Val loss: 0.133342, acc: 0.939--- 0.1451 seconds ---
543 / 1500 epochTrain loss: 0.093340, acc: 0.972 Val loss: 0.140932, acc: 0.939--- 0.1444 seconds ---
544 / 1500 epochTrain loss: 0.102895, acc: 0.967 Val loss: 0.144545, acc: 0.939--- 0.1443 seconds ---
545 / 1500 epochTrain loss: 0.095123, acc: 0.973 Val loss: 0.144032, acc: 0.939--- 0.1454 seconds ---
546 / 1500 epochTrain loss: 0.086804, acc: 0.977 Val loss: 0.142493, acc: 0.939--- 0.1448 seconds ---
547 / 1500 epochTrain loss: 0.101744, acc: 0.967 Val loss: 0.141411, acc: 0.939--- 0.1451 seconds ---
548 / 1500 epochTrain loss: 0.096489, acc: 0.972 Val loss: 0.140300, acc: 0.939--- 0.1440 seconds ---
549 / 1500 epochTrain loss: 0.101469, acc: 0.967 Val loss: 0.136315, acc: 0.949--- 0.1440 seconds ---
550 / 1500 epochTrain loss: 0.089513, acc: 0.974 Val loss: 0.139658, acc: 0.949--- 0.1437 seconds ---
551 / 1500 epochTrain loss: 0.100743, acc: 0.966 Val loss: 0.147777, acc: 0.939--- 0.1441 seconds ---
552 / 1500 epochTrain loss: 0.098924, acc: 0.969 Val loss: 0.146018, acc: 0.939--- 0.1447 seconds ---
553 / 1500 epochTrain loss: 0.089214, acc: 0.974 Val loss: 0.156075, acc: 0.949--- 0.1451 seconds ---
554 / 1500 epochTrain loss: 0.095098, acc: 0.969 Val loss: 0.153139, acc: 0.949--- 0.1442 seconds ---
555 / 1500 epochTrain loss: 0.102205, acc: 0.967 Val loss: 0.153989, acc: 0.949--- 0.1444 seconds ---
556 / 1500 epochTrain loss: 0.102402, acc: 0.969 Val loss: 0.148314, acc: 0.949--- 0.1449 seconds ---
557 / 1500 epochTrain loss: 0.090788, acc: 0.971 Val loss: 0.148917, acc: 0.949--- 0.1436 seconds ---
558 / 1500 epochTrain loss: 0.087338, acc: 0.974 Val loss: 0.153579, acc: 0.949--- 0.1443 seconds ---
559 / 1500 epochTrain loss: 0.096259, acc: 0.967 Val loss: 0.154822, acc: 0.949--- 0.1451 seconds ---
560 / 1500 epochTrain loss: 0.090651, acc: 0.973 Val loss: 0.152838, acc: 0.949--- 0.1447 seconds ---
561 / 1500 epochTrain loss: 0.095212, acc: 0.968 Val loss: 0.160491, acc: 0.949--- 0.1441 seconds ---
562 / 1500 epochTrain loss: 0.095492, acc: 0.966 Val loss: 0.158921, acc: 0.949--- 0.1447 seconds ---
563 / 1500 epochTrain loss: 0.095831, acc: 0.969 Val loss: 0.147057, acc: 0.949--- 0.1444 seconds ---
564 / 1500 epochTrain loss: 0.107773, acc: 0.963 Val loss: 0.149820, acc: 0.949--- 0.1498 seconds ---
565 / 1500 epochTrain loss: 0.098354, acc: 0.967 Val loss: 0.151418, acc: 0.949--- 0.1459 seconds ---
566 / 1500 epochTrain loss: 0.104270, acc: 0.963 Val loss: 0.154754, acc: 0.949--- 0.1441 seconds ---
567 / 1500 epochTrain loss: 0.093562, acc: 0.968 Val loss: 0.155167, acc: 0.949--- 0.1449 seconds ---
568 / 1500 epochTrain loss: 0.087004, acc: 0.971 Val loss: 0.158488, acc: 0.949--- 0.1446 seconds ---
569 / 1500 epochTrain loss: 0.098675, acc: 0.963 Val loss: 0.166766, acc: 0.949--- 0.1448 seconds ---
570 / 1500 epochTrain loss: 0.101968, acc: 0.963 Val loss: 0.166984, acc: 0.949--- 0.1446 seconds ---
571 / 1500 epochTrain loss: 0.097572, acc: 0.969 Val loss: 0.167873, acc: 0.949--- 0.1446 seconds ---
572 / 1500 epochTrain loss: 0.096343, acc: 0.971 Val loss: 0.163007, acc: 0.949--- 0.1440 seconds ---
573 / 1500 epochTrain loss: 0.097660, acc: 0.966 Val loss: 0.158469, acc: 0.949--- 0.1447 seconds ---
574 / 1500 epochTrain loss: 0.099976, acc: 0.969 Val loss: 0.158253, acc: 0.949--- 0.1446 seconds ---
575 / 1500 epochTrain loss: 0.093215, acc: 0.968 Val loss: 0.151001, acc: 0.949--- 0.1445 seconds ---
576 / 1500 epochTrain loss: 0.092768, acc: 0.972 Val loss: 0.156369, acc: 0.949--- 0.1441 seconds ---
577 / 1500 epochTrain loss: 0.098143, acc: 0.966 Val loss: 0.156173, acc: 0.949--- 0.1447 seconds ---
578 / 1500 epochTrain loss: 0.090635, acc: 0.972 Val loss: 0.168321, acc: 0.949--- 0.1448 seconds ---
579 / 1500 epochTrain loss: 0.096796, acc: 0.971 Val loss: 0.166365, acc: 0.949--- 0.1438 seconds ---
580 / 1500 epochTrain loss: 0.095406, acc: 0.969 Val loss: 0.157230, acc: 0.949--- 0.1447 seconds ---
581 / 1500 epochTrain loss: 0.100083, acc: 0.967 Val loss: 0.159942, acc: 0.949--- 0.1451 seconds ---
582 / 1500 epochTrain loss: 0.095392, acc: 0.974 Val loss: 0.162264, acc: 0.949--- 0.1446 seconds ---
583 / 1500 epochTrain loss: 0.099785, acc: 0.967 Val loss: 0.163045, acc: 0.949--- 0.1439 seconds ---
584 / 1500 epochTrain loss: 0.087405, acc: 0.971 Val loss: 0.165042, acc: 0.949--- 0.1447 seconds ---
585 / 1500 epochTrain loss: 0.096747, acc: 0.970 Val loss: 0.168796, acc: 0.939--- 0.1445 seconds ---
586 / 1500 epochTrain loss: 0.103869, acc: 0.969 Val loss: 0.159417, acc: 0.939--- 0.1444 seconds ---
587 / 1500 epochTrain loss: 0.093015, acc: 0.969 Val loss: 0.158807, acc: 0.939--- 0.1446 seconds ---
588 / 1500 epochTrain loss: 0.092991, acc: 0.972 Val loss: 0.155591, acc: 0.939--- 0.1445 seconds ---
589 / 1500 epochTrain loss: 0.100491, acc: 0.970 Val loss: 0.152592, acc: 0.939--- 0.1447 seconds ---
590 / 1500 epochTrain loss: 0.094233, acc: 0.969 Val loss: 0.150411, acc: 0.939--- 0.1443 seconds ---
591 / 1500 epochTrain loss: 0.095750, acc: 0.971 Val loss: 0.153468, acc: 0.939--- 0.1438 seconds ---
592 / 1500 epochTrain loss: 0.097140, acc: 0.970 Val loss: 0.150219, acc: 0.949--- 0.1449 seconds ---
593 / 1500 epochTrain loss: 0.093887, acc: 0.972 Val loss: 0.151130, acc: 0.949--- 0.1439 seconds ---
594 / 1500 epochTrain loss: 0.088285, acc: 0.972 Val loss: 0.160556, acc: 0.939--- 0.1447 seconds ---
595 / 1500 epochTrain loss: 0.103966, acc: 0.964 Val loss: 0.158571, acc: 0.960--- 0.1443 seconds ---
596 / 1500 epochTrain loss: 0.096263, acc: 0.972 Val loss: 0.162932, acc: 0.949--- 0.1448 seconds ---
597 / 1500 epochTrain loss: 0.096100, acc: 0.969 Val loss: 0.162945, acc: 0.949--- 0.1440 seconds ---
598 / 1500 epochTrain loss: 0.094497, acc: 0.975 Val loss: 0.174433, acc: 0.949--- 0.1441 seconds ---
599 / 1500 epochTrain loss: 0.091809, acc: 0.969 Val loss: 0.163460, acc: 0.949--- 0.1444 seconds ---
600 / 1500 epochTrain loss: 0.092207, acc: 0.967 Val loss: 0.150057, acc: 0.960--- 0.1443 seconds ---
601 / 1500 epochTrain loss: 0.090446, acc: 0.974 Val loss: 0.143756, acc: 0.960--- 0.1443 seconds ---
602 / 1500 epochTrain loss: 0.084868, acc: 0.979 Val loss: 0.158352, acc: 0.939--- 0.1439 seconds ---
603 / 1500 epochTrain loss: 0.095131, acc: 0.967 Val loss: 0.169322, acc: 0.939--- 0.1445 seconds ---
604 / 1500 epochTrain loss: 0.090814, acc: 0.972 Val loss: 0.169862, acc: 0.929--- 0.1443 seconds ---
605 / 1500 epochTrain loss: 0.090410, acc: 0.976 Val loss: 0.181765, acc: 0.929--- 0.1451 seconds ---
606 / 1500 epochTrain loss: 0.096208, acc: 0.974 Val loss: 0.183086, acc: 0.929--- 0.1448 seconds ---
607 / 1500 epochTrain loss: 0.098846, acc: 0.969 Val loss: 0.165065, acc: 0.939--- 0.1447 seconds ---
608 / 1500 epochTrain loss: 0.095992, acc: 0.969 Val loss: 0.149353, acc: 0.939--- 0.1451 seconds ---
609 / 1500 epochTrain loss: 0.093399, acc: 0.971 Val loss: 0.140301, acc: 0.949--- 0.1442 seconds ---
610 / 1500 epochTrain loss: 0.083676, acc: 0.977 Val loss: 0.140080, acc: 0.949--- 0.1446 seconds ---
611 / 1500 epochTrain loss: 0.088807, acc: 0.971 Val loss: 0.144425, acc: 0.949--- 0.1445 seconds ---
612 / 1500 epochTrain loss: 0.098985, acc: 0.970 Val loss: 0.152628, acc: 0.949--- 0.1442 seconds ---
613 / 1500 epochTrain loss: 0.084093, acc: 0.976 Val loss: 0.161790, acc: 0.949--- 0.1442 seconds ---
614 / 1500 epochTrain loss: 0.093000, acc: 0.974 Val loss: 0.170062, acc: 0.949--- 0.1444 seconds ---
615 / 1500 epochTrain loss: 0.095124, acc: 0.970 Val loss: 0.172708, acc: 0.960--- 0.1450 seconds ---
616 / 1500 epochTrain loss: 0.096511, acc: 0.972 Val loss: 0.171607, acc: 0.960--- 0.1447 seconds ---
617 / 1500 epochTrain loss: 0.093400, acc: 0.969 Val loss: 0.167483, acc: 0.949--- 0.1441 seconds ---
618 / 1500 epochTrain loss: 0.079882, acc: 0.977 Val loss: 0.154876, acc: 0.949--- 0.1441 seconds ---
619 / 1500 epochTrain loss: 0.089324, acc: 0.974 Val loss: 0.153183, acc: 0.949--- 0.1444 seconds ---
620 / 1500 epochTrain loss: 0.086646, acc: 0.974 Val loss: 0.137124, acc: 0.960--- 0.1435 seconds ---
621 / 1500 epochTrain loss: 0.100869, acc: 0.970 Val loss: 0.137680, acc: 0.960--- 0.1448 seconds ---
622 / 1500 epochTrain loss: 0.078784, acc: 0.976 Val loss: 0.136680, acc: 0.960--- 0.1452 seconds ---
623 / 1500 epochTrain loss: 0.101565, acc: 0.966 Val loss: 0.140741, acc: 0.960--- 0.1442 seconds ---
624 / 1500 epochTrain loss: 0.088662, acc: 0.974 Val loss: 0.139165, acc: 0.960--- 0.1449 seconds ---
625 / 1500 epochTrain loss: 0.082244, acc: 0.975 Val loss: 0.135557, acc: 0.960--- 0.1444 seconds ---
626 / 1500 epochTrain loss: 0.096258, acc: 0.967 Val loss: 0.134002, acc: 0.970--- 0.1447 seconds ---
627 / 1500 epochTrain loss: 0.094759, acc: 0.967 Val loss: 0.134606, acc: 0.970--- 0.1437 seconds ---
628 / 1500 epochTrain loss: 0.082604, acc: 0.977 Val loss: 0.136485, acc: 0.970--- 0.1442 seconds ---
629 / 1500 epochTrain loss: 0.103905, acc: 0.966 Val loss: 0.128082, acc: 0.980--- 0.1450 seconds ---
630 / 1500 epochTrain loss: 0.088641, acc: 0.974 Val loss: 0.125036, acc: 0.970--- 0.1446 seconds ---
631 / 1500 epochTrain loss: 0.091474, acc: 0.969 Val loss: 0.126975, acc: 0.970--- 0.1441 seconds ---
632 / 1500 epochTrain loss: 0.094673, acc: 0.967 Val loss: 0.130570, acc: 0.970--- 0.1445 seconds ---
633 / 1500 epochTrain loss: 0.098812, acc: 0.969 Val loss: 0.132457, acc: 0.960--- 0.1449 seconds ---
634 / 1500 epochTrain loss: 0.107018, acc: 0.966 Val loss: 0.135319, acc: 0.970--- 0.1440 seconds ---
635 / 1500 epochTrain loss: 0.095176, acc: 0.968 Val loss: 0.136582, acc: 0.970--- 0.1441 seconds ---
636 / 1500 epochTrain loss: 0.098546, acc: 0.967 Val loss: 0.141335, acc: 0.960--- 0.1455 seconds ---
637 / 1500 epochTrain loss: 0.096689, acc: 0.970 Val loss: 0.141199, acc: 0.960--- 0.1441 seconds ---
638 / 1500 epochTrain loss: 0.106616, acc: 0.964 Val loss: 0.140419, acc: 0.960--- 0.1485 seconds ---
639 / 1500 epochTrain loss: 0.091023, acc: 0.973 Val loss: 0.133665, acc: 0.949--- 0.1493 seconds ---
640 / 1500 epochTrain loss: 0.091146, acc: 0.969 Val loss: 0.129359, acc: 0.949--- 0.1452 seconds ---
641 / 1500 epochTrain loss: 0.087819, acc: 0.976 Val loss: 0.127251, acc: 0.970--- 0.1447 seconds ---
642 / 1500 epochTrain loss: 0.096300, acc: 0.972 Val loss: 0.129284, acc: 0.970--- 0.1449 seconds ---
643 / 1500 epochTrain loss: 0.097055, acc: 0.967 Val loss: 0.132333, acc: 0.970--- 0.1446 seconds ---
644 / 1500 epochTrain loss: 0.090634, acc: 0.976 Val loss: 0.135802, acc: 0.970--- 0.1446 seconds ---
645 / 1500 epochTrain loss: 0.092457, acc: 0.970 Val loss: 0.131852, acc: 0.960--- 0.1442 seconds ---
646 / 1500 epochTrain loss: 0.085948, acc: 0.972 Val loss: 0.132609, acc: 0.960--- 0.1441 seconds ---
647 / 1500 epochTrain loss: 0.088176, acc: 0.976 Val loss: 0.132628, acc: 0.960--- 0.1445 seconds ---
648 / 1500 epochTrain loss: 0.093397, acc: 0.965 Val loss: 0.131533, acc: 0.960--- 0.1441 seconds ---
649 / 1500 epochTrain loss: 0.096595, acc: 0.970 Val loss: 0.132638, acc: 0.960--- 0.1448 seconds ---
650 / 1500 epochTrain loss: 0.099317, acc: 0.964 Val loss: 0.126455, acc: 0.970--- 0.1447 seconds ---
651 / 1500 epochTrain loss: 0.094403, acc: 0.969 Val loss: 0.128188, acc: 0.970--- 0.1441 seconds ---
652 / 1500 epochTrain loss: 0.101734, acc: 0.967 Val loss: 0.123114, acc: 0.970--- 0.1448 seconds ---
653 / 1500 epochTrain loss: 0.087588, acc: 0.975 Val loss: 0.118913, acc: 0.970--- 0.1440 seconds ---
654 / 1500 epochTrain loss: 0.101003, acc: 0.967 Val loss: 0.115558, acc: 0.970--- 0.1443 seconds ---
655 / 1500 epochTrain loss: 0.084032, acc: 0.972 Val loss: 0.112083, acc: 0.970--- 0.1442 seconds ---
656 / 1500 epochTrain loss: 0.083503, acc: 0.974 Val loss: 0.112190, acc: 0.970--- 0.1449 seconds ---
657 / 1500 epochTrain loss: 0.082742, acc: 0.980 Val loss: 0.114333, acc: 0.970--- 0.1452 seconds ---
658 / 1500 epochTrain loss: 0.085700, acc: 0.975 Val loss: 0.112958, acc: 0.980--- 0.1442 seconds ---
659 / 1500 epochTrain loss: 0.081384, acc: 0.973 Val loss: 0.121635, acc: 0.970--- 0.1445 seconds ---
660 / 1500 epochTrain loss: 0.099867, acc: 0.971 Val loss: 0.124376, acc: 0.960--- 0.1444 seconds ---
661 / 1500 epochTrain loss: 0.093987, acc: 0.969 Val loss: 0.125748, acc: 0.960--- 0.1441 seconds ---
662 / 1500 epochTrain loss: 0.085986, acc: 0.974 Val loss: 0.123132, acc: 0.960--- 0.1443 seconds ---
663 / 1500 epochTrain loss: 0.096153, acc: 0.966 Val loss: 0.113446, acc: 0.970--- 0.1458 seconds ---
664 / 1500 epochTrain loss: 0.091716, acc: 0.971 Val loss: 0.108800, acc: 0.970--- 0.1447 seconds ---
665 / 1500 epochTrain loss: 0.081626, acc: 0.976 Val loss: 0.103590, acc: 0.960--- 0.1447 seconds ---
666 / 1500 epochTrain loss: 0.087010, acc: 0.971 Val loss: 0.103943, acc: 0.960--- 0.1439 seconds ---
667 / 1500 epochTrain loss: 0.082939, acc: 0.974 Val loss: 0.106033, acc: 0.960--- 0.1450 seconds ---
668 / 1500 epochTrain loss: 0.090292, acc: 0.971 Val loss: 0.113028, acc: 0.949--- 0.1443 seconds ---
669 / 1500 epochTrain loss: 0.082649, acc: 0.974 Val loss: 0.119532, acc: 0.949--- 0.1443 seconds ---
670 / 1500 epochTrain loss: 0.081266, acc: 0.974 Val loss: 0.117301, acc: 0.949--- 0.1442 seconds ---
671 / 1500 epochTrain loss: 0.085157, acc: 0.974 Val loss: 0.117851, acc: 0.949--- 0.1443 seconds ---
672 / 1500 epochTrain loss: 0.086689, acc: 0.978 Val loss: 0.118342, acc: 0.949--- 0.1442 seconds ---
673 / 1500 epochTrain loss: 0.088771, acc: 0.967 Val loss: 0.119064, acc: 0.960--- 0.1443 seconds ---
674 / 1500 epochTrain loss: 0.083431, acc: 0.974 Val loss: 0.117301, acc: 0.960--- 0.1439 seconds ---
675 / 1500 epochTrain loss: 0.084983, acc: 0.973 Val loss: 0.116543, acc: 0.960--- 0.1444 seconds ---
676 / 1500 epochTrain loss: 0.093525, acc: 0.969 Val loss: 0.117162, acc: 0.970--- 0.1444 seconds ---
677 / 1500 epochTrain loss: 0.085424, acc: 0.974 Val loss: 0.119277, acc: 0.970--- 0.1444 seconds ---
678 / 1500 epochTrain loss: 0.086936, acc: 0.977 Val loss: 0.092585, acc: 0.980--- 0.1447 seconds ---
679 / 1500 epochTrain loss: 0.090817, acc: 0.969 Val loss: 0.090889, acc: 0.980--- 0.1450 seconds ---
680 / 1500 epochTrain loss: 0.087260, acc: 0.970 Val loss: 0.085875, acc: 0.980--- 0.1447 seconds ---
681 / 1500 epochTrain loss: 0.086689, acc: 0.974 Val loss: 0.090388, acc: 0.980--- 0.1449 seconds ---
682 / 1500 epochTrain loss: 0.085391, acc: 0.976 Val loss: 0.093027, acc: 0.980--- 0.1444 seconds ---
683 / 1500 epochTrain loss: 0.090961, acc: 0.969 Val loss: 0.094565, acc: 0.980--- 0.1445 seconds ---
684 / 1500 epochTrain loss: 0.084327, acc: 0.977 Val loss: 0.093950, acc: 0.970--- 0.1444 seconds ---
685 / 1500 epochTrain loss: 0.084693, acc: 0.976 Val loss: 0.093967, acc: 0.980--- 0.1445 seconds ---
686 / 1500 epochTrain loss: 0.088501, acc: 0.973 Val loss: 0.099623, acc: 0.980--- 0.1446 seconds ---
687 / 1500 epochTrain loss: 0.079922, acc: 0.971 Val loss: 0.107780, acc: 0.980--- 0.1440 seconds ---
688 / 1500 epochTrain loss: 0.085686, acc: 0.973 Val loss: 0.106878, acc: 0.980--- 0.1441 seconds ---
689 / 1500 epochTrain loss: 0.080219, acc: 0.979 Val loss: 0.111670, acc: 0.980--- 0.1443 seconds ---
690 / 1500 epochTrain loss: 0.083551, acc: 0.976 Val loss: 0.110305, acc: 0.980--- 0.1440 seconds ---
691 / 1500 epochTrain loss: 0.077693, acc: 0.975 Val loss: 0.110635, acc: 0.970--- 0.1442 seconds ---
692 / 1500 epochTrain loss: 0.090315, acc: 0.970 Val loss: 0.105001, acc: 0.970--- 0.1443 seconds ---
693 / 1500 epochTrain loss: 0.082019, acc: 0.970 Val loss: 0.109216, acc: 0.960--- 0.1447 seconds ---
694 / 1500 epochTrain loss: 0.085638, acc: 0.972 Val loss: 0.108945, acc: 0.949--- 0.1446 seconds ---
695 / 1500 epochTrain loss: 0.087477, acc: 0.975 Val loss: 0.116315, acc: 0.949--- 0.1446 seconds ---
696 / 1500 epochTrain loss: 0.091586, acc: 0.971 Val loss: 0.105303, acc: 0.960--- 0.1443 seconds ---
697 / 1500 epochTrain loss: 0.085511, acc: 0.975 Val loss: 0.105971, acc: 0.960--- 0.1444 seconds ---
698 / 1500 epochTrain loss: 0.077934, acc: 0.975 Val loss: 0.103013, acc: 0.960--- 0.1448 seconds ---
699 / 1500 epochTrain loss: 0.083096, acc: 0.973 Val loss: 0.105101, acc: 0.960--- 0.1441 seconds ---
700 / 1500 epochTrain loss: 0.086086, acc: 0.973 Val loss: 0.108036, acc: 0.960--- 0.1447 seconds ---
701 / 1500 epochTrain loss: 0.074481, acc: 0.984 Val loss: 0.108973, acc: 0.960--- 0.1441 seconds ---
702 / 1500 epochTrain loss: 0.078023, acc: 0.979 Val loss: 0.110597, acc: 0.960--- 0.1444 seconds ---
703 / 1500 epochTrain loss: 0.079328, acc: 0.976 Val loss: 0.109449, acc: 0.960--- 0.1443 seconds ---
704 / 1500 epochTrain loss: 0.089838, acc: 0.973 Val loss: 0.109051, acc: 0.960--- 0.1447 seconds ---
705 / 1500 epochTrain loss: 0.077243, acc: 0.976 Val loss: 0.110430, acc: 0.960--- 0.1455 seconds ---
706 / 1500 epochTrain loss: 0.072597, acc: 0.979 Val loss: 0.118046, acc: 0.960--- 0.1445 seconds ---
707 / 1500 epochTrain loss: 0.081569, acc: 0.974 Val loss: 0.120279, acc: 0.960--- 0.1447 seconds ---
708 / 1500 epochTrain loss: 0.080052, acc: 0.975 Val loss: 0.118253, acc: 0.960--- 0.1444 seconds ---
709 / 1500 epochTrain loss: 0.073342, acc: 0.980 Val loss: 0.111730, acc: 0.960--- 0.1446 seconds ---
710 / 1500 epochTrain loss: 0.083191, acc: 0.978 Val loss: 0.113896, acc: 0.949--- 0.1439 seconds ---
711 / 1500 epochTrain loss: 0.083304, acc: 0.974 Val loss: 0.110968, acc: 0.949--- 0.1442 seconds ---
712 / 1500 epochTrain loss: 0.078901, acc: 0.978 Val loss: 0.107607, acc: 0.949--- 0.1444 seconds ---
713 / 1500 epochTrain loss: 0.085611, acc: 0.970 Val loss: 0.108170, acc: 0.949--- 0.1510 seconds ---
714 / 1500 epochTrain loss: 0.079410, acc: 0.973 Val loss: 0.108689, acc: 0.949--- 0.1447 seconds ---
715 / 1500 epochTrain loss: 0.082580, acc: 0.976 Val loss: 0.108599, acc: 0.960--- 0.1449 seconds ---
716 / 1500 epochTrain loss: 0.079365, acc: 0.975 Val loss: 0.104705, acc: 0.960--- 0.1448 seconds ---
717 / 1500 epochTrain loss: 0.079030, acc: 0.977 Val loss: 0.103774, acc: 0.960--- 0.1443 seconds ---
718 / 1500 epochTrain loss: 0.083309, acc: 0.973 Val loss: 0.099201, acc: 0.960--- 0.1447 seconds ---
719 / 1500 epochTrain loss: 0.078764, acc: 0.977 Val loss: 0.096099, acc: 0.970--- 0.1441 seconds ---
720 / 1500 epochTrain loss: 0.085120, acc: 0.974 Val loss: 0.095684, acc: 0.960--- 0.1444 seconds ---
721 / 1500 epochTrain loss: 0.072791, acc: 0.981 Val loss: 0.119825, acc: 0.949--- 0.1447 seconds ---
722 / 1500 epochTrain loss: 0.077319, acc: 0.976 Val loss: 0.113003, acc: 0.949--- 0.1444 seconds ---
723 / 1500 epochTrain loss: 0.079596, acc: 0.973 Val loss: 0.115935, acc: 0.960--- 0.1447 seconds ---
724 / 1500 epochTrain loss: 0.071935, acc: 0.981 Val loss: 0.117257, acc: 0.960--- 0.1445 seconds ---
725 / 1500 epochTrain loss: 0.077920, acc: 0.976 Val loss: 0.136606, acc: 0.960--- 0.1443 seconds ---
726 / 1500 epochTrain loss: 0.073984, acc: 0.978 Val loss: 0.160197, acc: 0.939--- 0.1440 seconds ---
727 / 1500 epochTrain loss: 0.077306, acc: 0.976 Val loss: 0.149556, acc: 0.949--- 0.1443 seconds ---
728 / 1500 epochTrain loss: 0.082063, acc: 0.972 Val loss: 0.155564, acc: 0.949--- 0.1450 seconds ---
729 / 1500 epochTrain loss: 0.083990, acc: 0.971 Val loss: 0.138595, acc: 0.949--- 0.1448 seconds ---
730 / 1500 epochTrain loss: 0.078350, acc: 0.974 Val loss: 0.134822, acc: 0.949--- 0.1443 seconds ---
731 / 1500 epochTrain loss: 0.083497, acc: 0.974 Val loss: 0.127229, acc: 0.949--- 0.1438 seconds ---
732 / 1500 epochTrain loss: 0.084030, acc: 0.972 Val loss: 0.137842, acc: 0.949--- 0.1445 seconds ---
733 / 1500 epochTrain loss: 0.097140, acc: 0.965 Val loss: 0.133849, acc: 0.949--- 0.1444 seconds ---
734 / 1500 epochTrain loss: 0.083095, acc: 0.978 Val loss: 0.126872, acc: 0.939--- 0.1435 seconds ---
735 / 1500 epochTrain loss: 0.080111, acc: 0.976 Val loss: 0.129071, acc: 0.939--- 0.1442 seconds ---
736 / 1500 epochTrain loss: 0.073689, acc: 0.979 Val loss: 0.126088, acc: 0.949--- 0.1439 seconds ---
737 / 1500 epochTrain loss: 0.082970, acc: 0.976 Val loss: 0.122507, acc: 0.949--- 0.1441 seconds ---
738 / 1500 epochTrain loss: 0.079620, acc: 0.980 Val loss: 0.124855, acc: 0.960--- 0.1441 seconds ---
739 / 1500 epochTrain loss: 0.079307, acc: 0.978 Val loss: 0.120232, acc: 0.960--- 0.1469 seconds ---
740 / 1500 epochTrain loss: 0.080677, acc: 0.978 Val loss: 0.115485, acc: 0.960--- 0.1450 seconds ---
741 / 1500 epochTrain loss: 0.077503, acc: 0.976 Val loss: 0.118766, acc: 0.960--- 0.1443 seconds ---
742 / 1500 epochTrain loss: 0.084381, acc: 0.976 Val loss: 0.115272, acc: 0.960--- 0.1443 seconds ---
743 / 1500 epochTrain loss: 0.080185, acc: 0.976 Val loss: 0.112101, acc: 0.960--- 0.1442 seconds ---
744 / 1500 epochTrain loss: 0.078113, acc: 0.977 Val loss: 0.114215, acc: 0.960--- 0.1451 seconds ---
745 / 1500 epochTrain loss: 0.081846, acc: 0.978 Val loss: 0.112850, acc: 0.960--- 0.1446 seconds ---
746 / 1500 epochTrain loss: 0.074214, acc: 0.977 Val loss: 0.104821, acc: 0.970--- 0.1446 seconds ---
747 / 1500 epochTrain loss: 0.080265, acc: 0.974 Val loss: 0.103220, acc: 0.970--- 0.1444 seconds ---
748 / 1500 epochTrain loss: 0.079875, acc: 0.976 Val loss: 0.108331, acc: 0.970--- 0.1445 seconds ---
749 / 1500 epochTrain loss: 0.079923, acc: 0.976 Val loss: 0.109947, acc: 0.970--- 0.1436 seconds ---
750 / 1500 epochTrain loss: 0.078562, acc: 0.976 Val loss: 0.111365, acc: 0.970--- 0.1442 seconds ---
751 / 1500 epochTrain loss: 0.081635, acc: 0.974 Val loss: 0.115122, acc: 0.960--- 0.1443 seconds ---
752 / 1500 epochTrain loss: 0.073960, acc: 0.979 Val loss: 0.112738, acc: 0.970--- 0.1444 seconds ---
753 / 1500 epochTrain loss: 0.083359, acc: 0.975 Val loss: 0.114482, acc: 0.970--- 0.1455 seconds ---
754 / 1500 epochTrain loss: 0.085288, acc: 0.972 Val loss: 0.114619, acc: 0.970--- 0.1450 seconds ---
755 / 1500 epochTrain loss: 0.078265, acc: 0.977 Val loss: 0.112331, acc: 0.970--- 0.1443 seconds ---
756 / 1500 epochTrain loss: 0.075156, acc: 0.982 Val loss: 0.112161, acc: 0.970--- 0.1440 seconds ---
757 / 1500 epochTrain loss: 0.084434, acc: 0.979 Val loss: 0.109737, acc: 0.970--- 0.1448 seconds ---
758 / 1500 epochTrain loss: 0.078126, acc: 0.974 Val loss: 0.104245, acc: 0.970--- 0.1446 seconds ---
759 / 1500 epochTrain loss: 0.093176, acc: 0.976 Val loss: 0.108118, acc: 0.970--- 0.1443 seconds ---
760 / 1500 epochTrain loss: 0.084963, acc: 0.972 Val loss: 0.104235, acc: 0.970--- 0.1443 seconds ---
761 / 1500 epochTrain loss: 0.082457, acc: 0.972 Val loss: 0.105989, acc: 0.970--- 0.1447 seconds ---
762 / 1500 epochTrain loss: 0.082036, acc: 0.978 Val loss: 0.105457, acc: 0.970--- 0.1452 seconds ---
763 / 1500 epochTrain loss: 0.074160, acc: 0.976 Val loss: 0.100723, acc: 0.980--- 0.1451 seconds ---
764 / 1500 epochTrain loss: 0.082010, acc: 0.974 Val loss: 0.098284, acc: 0.980--- 0.1442 seconds ---
765 / 1500 epochTrain loss: 0.077196, acc: 0.978 Val loss: 0.096825, acc: 0.980--- 0.1445 seconds ---
766 / 1500 epochTrain loss: 0.080644, acc: 0.976 Val loss: 0.099204, acc: 0.980--- 0.1438 seconds ---
767 / 1500 epochTrain loss: 0.075237, acc: 0.979 Val loss: 0.102627, acc: 0.980--- 0.1444 seconds ---
768 / 1500 epochTrain loss: 0.077467, acc: 0.977 Val loss: 0.111068, acc: 0.980--- 0.1442 seconds ---
769 / 1500 epochTrain loss: 0.075402, acc: 0.983 Val loss: 0.125059, acc: 0.970--- 0.1448 seconds ---
770 / 1500 epochTrain loss: 0.084837, acc: 0.975 Val loss: 0.129812, acc: 0.970--- 0.1440 seconds ---
771 / 1500 epochTrain loss: 0.083903, acc: 0.976 Val loss: 0.121776, acc: 0.970--- 0.1443 seconds ---
772 / 1500 epochTrain loss: 0.080230, acc: 0.974 Val loss: 0.124067, acc: 0.970--- 0.1446 seconds ---
773 / 1500 epochTrain loss: 0.079656, acc: 0.977 Val loss: 0.132895, acc: 0.970--- 0.1445 seconds ---
774 / 1500 epochTrain loss: 0.075284, acc: 0.977 Val loss: 0.132546, acc: 0.970--- 0.1448 seconds ---
775 / 1500 epochTrain loss: 0.079416, acc: 0.976 Val loss: 0.132066, acc: 0.970--- 0.1451 seconds ---
776 / 1500 epochTrain loss: 0.081656, acc: 0.975 Val loss: 0.127735, acc: 0.970--- 0.1444 seconds ---
777 / 1500 epochTrain loss: 0.083210, acc: 0.974 Val loss: 0.121516, acc: 0.970--- 0.1441 seconds ---
778 / 1500 epochTrain loss: 0.081841, acc: 0.974 Val loss: 0.121980, acc: 0.970--- 0.1447 seconds ---
779 / 1500 epochTrain loss: 0.074564, acc: 0.976 Val loss: 0.124626, acc: 0.960--- 0.1448 seconds ---
780 / 1500 epochTrain loss: 0.075673, acc: 0.976 Val loss: 0.122616, acc: 0.960--- 0.1438 seconds ---
781 / 1500 epochTrain loss: 0.082755, acc: 0.976 Val loss: 0.130432, acc: 0.949--- 0.1441 seconds ---
782 / 1500 epochTrain loss: 0.081292, acc: 0.977 Val loss: 0.136984, acc: 0.949--- 0.1463 seconds ---
783 / 1500 epochTrain loss: 0.081817, acc: 0.978 Val loss: 0.149664, acc: 0.949--- 0.1439 seconds ---
784 / 1500 epochTrain loss: 0.079901, acc: 0.976 Val loss: 0.135136, acc: 0.949--- 0.1440 seconds ---
785 / 1500 epochTrain loss: 0.076527, acc: 0.981 Val loss: 0.128858, acc: 0.970--- 0.1439 seconds ---
786 / 1500 epochTrain loss: 0.084750, acc: 0.977 Val loss: 0.124101, acc: 0.970--- 0.1449 seconds ---
787 / 1500 epochTrain loss: 0.081032, acc: 0.974 Val loss: 0.121695, acc: 0.970--- 0.1591 seconds ---
788 / 1500 epochTrain loss: 0.081101, acc: 0.972 Val loss: 0.120277, acc: 0.970--- 0.1455 seconds ---
789 / 1500 epochTrain loss: 0.083200, acc: 0.976 Val loss: 0.119316, acc: 0.970--- 0.1441 seconds ---
790 / 1500 epochTrain loss: 0.078590, acc: 0.974 Val loss: 0.137781, acc: 0.970--- 0.1450 seconds ---
791 / 1500 epochTrain loss: 0.081107, acc: 0.977 Val loss: 0.144223, acc: 0.960--- 0.1441 seconds ---
792 / 1500 epochTrain loss: 0.082482, acc: 0.975 Val loss: 0.142226, acc: 0.970--- 0.1445 seconds ---
793 / 1500 epochTrain loss: 0.078606, acc: 0.977 Val loss: 0.142029, acc: 0.970--- 0.1449 seconds ---
794 / 1500 epochTrain loss: 0.077610, acc: 0.979 Val loss: 0.122000, acc: 0.970--- 0.1442 seconds ---
795 / 1500 epochTrain loss: 0.079119, acc: 0.979 Val loss: 0.122090, acc: 0.970--- 0.1454 seconds ---
796 / 1500 epochTrain loss: 0.083764, acc: 0.976 Val loss: 0.124276, acc: 0.970--- 0.1442 seconds ---
797 / 1500 epochTrain loss: 0.085760, acc: 0.972 Val loss: 0.123803, acc: 0.970--- 0.1447 seconds ---
798 / 1500 epochTrain loss: 0.079061, acc: 0.978 Val loss: 0.129715, acc: 0.960--- 0.1443 seconds ---
799 / 1500 epochTrain loss: 0.091025, acc: 0.972 Val loss: 0.130765, acc: 0.970--- 0.1445 seconds ---
800 / 1500 epochTrain loss: 0.083341, acc: 0.977 Val loss: 0.125421, acc: 0.970--- 0.1439 seconds ---
801 / 1500 epochTrain loss: 0.081527, acc: 0.977 Val loss: 0.128987, acc: 0.970--- 0.1446 seconds ---
802 / 1500 epochTrain loss: 0.079377, acc: 0.973 Val loss: 0.135331, acc: 0.970--- 0.1442 seconds ---
803 / 1500 epochTrain loss: 0.086653, acc: 0.971 Val loss: 0.136290, acc: 0.960--- 0.1443 seconds ---
804 / 1500 epochTrain loss: 0.084905, acc: 0.975 Val loss: 0.131689, acc: 0.960--- 0.1442 seconds ---
805 / 1500 epochTrain loss: 0.076725, acc: 0.981 Val loss: 0.129010, acc: 0.960--- 0.1438 seconds ---
806 / 1500 epochTrain loss: 0.087805, acc: 0.975 Val loss: 0.125967, acc: 0.960--- 0.1446 seconds ---
807 / 1500 epochTrain loss: 0.079294, acc: 0.974 Val loss: 0.124861, acc: 0.970--- 0.1445 seconds ---
808 / 1500 epochTrain loss: 0.084553, acc: 0.975 Val loss: 0.124057, acc: 0.970--- 0.1448 seconds ---
809 / 1500 epochTrain loss: 0.076476, acc: 0.974 Val loss: 0.133539, acc: 0.970--- 0.1443 seconds ---
810 / 1500 epochTrain loss: 0.076511, acc: 0.981 Val loss: 0.133591, acc: 0.960--- 0.1442 seconds ---
811 / 1500 epochTrain loss: 0.079334, acc: 0.976 Val loss: 0.134506, acc: 0.960--- 0.1448 seconds ---
812 / 1500 epochTrain loss: 0.083880, acc: 0.972 Val loss: 0.117373, acc: 0.960--- 0.1455 seconds ---
813 / 1500 epochTrain loss: 0.076312, acc: 0.979 Val loss: 0.125447, acc: 0.960--- 0.1442 seconds ---
814 / 1500 epochTrain loss: 0.084596, acc: 0.977 Val loss: 0.118650, acc: 0.960--- 0.1446 seconds ---
815 / 1500 epochTrain loss: 0.085804, acc: 0.976 Val loss: 0.103974, acc: 0.960--- 0.1448 seconds ---
816 / 1500 epochTrain loss: 0.073649, acc: 0.979 Val loss: 0.097875, acc: 0.960--- 0.1441 seconds ---
817 / 1500 epochTrain loss: 0.075535, acc: 0.976 Val loss: 0.098505, acc: 0.960--- 0.1443 seconds ---
818 / 1500 epochTrain loss: 0.083480, acc: 0.974 Val loss: 0.104201, acc: 0.960--- 0.1443 seconds ---
819 / 1500 epochTrain loss: 0.081211, acc: 0.974 Val loss: 0.112721, acc: 0.960--- 0.1446 seconds ---
820 / 1500 epochTrain loss: 0.074228, acc: 0.978 Val loss: 0.121485, acc: 0.960--- 0.1448 seconds ---
821 / 1500 epochTrain loss: 0.078104, acc: 0.977 Val loss: 0.125202, acc: 0.949--- 0.1451 seconds ---
822 / 1500 epochTrain loss: 0.086177, acc: 0.972 Val loss: 0.125299, acc: 0.949--- 0.1443 seconds ---
823 / 1500 epochTrain loss: 0.083554, acc: 0.974 Val loss: 0.124324, acc: 0.949--- 0.1445 seconds ---
824 / 1500 epochTrain loss: 0.081911, acc: 0.972 Val loss: 0.124727, acc: 0.949--- 0.1446 seconds ---
825 / 1500 epochTrain loss: 0.085244, acc: 0.974 Val loss: 0.127593, acc: 0.960--- 0.1441 seconds ---
826 / 1500 epochTrain loss: 0.086242, acc: 0.975 Val loss: 0.125281, acc: 0.960--- 0.1443 seconds ---
827 / 1500 epochTrain loss: 0.086773, acc: 0.976 Val loss: 0.121878, acc: 0.960--- 0.1445 seconds ---
828 / 1500 epochTrain loss: 0.079142, acc: 0.978 Val loss: 0.116337, acc: 0.960--- 0.1442 seconds ---
829 / 1500 epochTrain loss: 0.080935, acc: 0.976 Val loss: 0.116428, acc: 0.970--- 0.1450 seconds ---
830 / 1500 epochTrain loss: 0.085106, acc: 0.976 Val loss: 0.118357, acc: 0.960--- 0.1445 seconds ---
831 / 1500 epochTrain loss: 0.080915, acc: 0.977 Val loss: 0.114785, acc: 0.960--- 0.1440 seconds ---
832 / 1500 epochTrain loss: 0.081017, acc: 0.972 Val loss: 0.115548, acc: 0.960--- 0.1445 seconds ---
833 / 1500 epochTrain loss: 0.083820, acc: 0.975 Val loss: 0.131331, acc: 0.960--- 0.1450 seconds ---
834 / 1500 epochTrain loss: 0.076514, acc: 0.979 Val loss: 0.135691, acc: 0.960--- 0.1451 seconds ---
835 / 1500 epochTrain loss: 0.076305, acc: 0.979 Val loss: 0.140098, acc: 0.949--- 0.1446 seconds ---
836 / 1500 epochTrain loss: 0.083093, acc: 0.973 Val loss: 0.139898, acc: 0.949--- 0.1443 seconds ---
837 / 1500 epochTrain loss: 0.088772, acc: 0.969 Val loss: 0.135284, acc: 0.949--- 0.1439 seconds ---
838 / 1500 epochTrain loss: 0.088225, acc: 0.971 Val loss: 0.139222, acc: 0.960--- 0.1442 seconds ---
839 / 1500 epochTrain loss: 0.072454, acc: 0.979 Val loss: 0.142614, acc: 0.960--- 0.1443 seconds ---
840 / 1500 epochTrain loss: 0.082044, acc: 0.973 Val loss: 0.142005, acc: 0.960--- 0.1450 seconds ---
841 / 1500 epochTrain loss: 0.091302, acc: 0.971 Val loss: 0.146803, acc: 0.960--- 0.1448 seconds ---
842 / 1500 epochTrain loss: 0.077757, acc: 0.974 Val loss: 0.147824, acc: 0.960--- 0.1441 seconds ---
843 / 1500 epochTrain loss: 0.086014, acc: 0.972 Val loss: 0.154628, acc: 0.960--- 0.1453 seconds ---
844 / 1500 epochTrain loss: 0.090553, acc: 0.972 Val loss: 0.151813, acc: 0.960--- 0.1448 seconds ---
845 / 1500 epochTrain loss: 0.085638, acc: 0.971 Val loss: 0.149449, acc: 0.960--- 0.1453 seconds ---
846 / 1500 epochTrain loss: 0.084156, acc: 0.977 Val loss: 0.156669, acc: 0.960--- 0.1442 seconds ---
847 / 1500 epochTrain loss: 0.082711, acc: 0.974 Val loss: 0.143938, acc: 0.960--- 0.1443 seconds ---
848 / 1500 epochTrain loss: 0.078235, acc: 0.978 Val loss: 0.146597, acc: 0.949--- 0.1444 seconds ---
849 / 1500 epochTrain loss: 0.083717, acc: 0.976 Val loss: 0.137554, acc: 0.949--- 0.1445 seconds ---
850 / 1500 epochTrain loss: 0.085361, acc: 0.976 Val loss: 0.151057, acc: 0.949--- 0.1442 seconds ---
851 / 1500 epochTrain loss: 0.084278, acc: 0.975 Val loss: 0.152422, acc: 0.949--- 0.1450 seconds ---
852 / 1500 epochTrain loss: 0.086436, acc: 0.975 Val loss: 0.160092, acc: 0.949--- 0.1445 seconds ---
853 / 1500 epochTrain loss: 0.087068, acc: 0.977 Val loss: 0.152253, acc: 0.949--- 0.1445 seconds ---
854 / 1500 epochTrain loss: 0.092867, acc: 0.966 Val loss: 0.163929, acc: 0.949--- 0.1447 seconds ---
855 / 1500 epochTrain loss: 0.082765, acc: 0.975 Val loss: 0.163944, acc: 0.939--- 0.1442 seconds ---
856 / 1500 epochTrain loss: 0.076120, acc: 0.974 Val loss: 0.164874, acc: 0.939--- 0.1446 seconds ---
857 / 1500 epochTrain loss: 0.079681, acc: 0.979 Val loss: 0.162896, acc: 0.939--- 0.1454 seconds ---
858 / 1500 epochTrain loss: 0.078472, acc: 0.979 Val loss: 0.166743, acc: 0.939--- 0.1448 seconds ---
859 / 1500 epochTrain loss: 0.085011, acc: 0.971 Val loss: 0.166126, acc: 0.939--- 0.1449 seconds ---
860 / 1500 epochTrain loss: 0.081356, acc: 0.976 Val loss: 0.162582, acc: 0.929--- 0.1447 seconds ---
861 / 1500 epochTrain loss: 0.088096, acc: 0.972 Val loss: 0.157435, acc: 0.939--- 0.1441 seconds ---
862 / 1500 epochTrain loss: 0.081658, acc: 0.974 Val loss: 0.160789, acc: 0.939--- 0.1510 seconds ---
863 / 1500 epochTrain loss: 0.079926, acc: 0.974 Val loss: 0.169530, acc: 0.939--- 0.1449 seconds ---
864 / 1500 epochTrain loss: 0.080109, acc: 0.974 Val loss: 0.170560, acc: 0.939--- 0.1445 seconds ---
865 / 1500 epochTrain loss: 0.077079, acc: 0.974 Val loss: 0.170706, acc: 0.949--- 0.1439 seconds ---
866 / 1500 epochTrain loss: 0.087440, acc: 0.969 Val loss: 0.159075, acc: 0.949--- 0.1454 seconds ---
867 / 1500 epochTrain loss: 0.074172, acc: 0.982 Val loss: 0.162502, acc: 0.949--- 0.1446 seconds ---
868 / 1500 epochTrain loss: 0.075494, acc: 0.978 Val loss: 0.160551, acc: 0.949--- 0.1440 seconds ---
869 / 1500 epochTrain loss: 0.081184, acc: 0.970 Val loss: 0.157333, acc: 0.949--- 0.1449 seconds ---
870 / 1500 epochTrain loss: 0.095312, acc: 0.966 Val loss: 0.165850, acc: 0.949--- 0.1448 seconds ---
871 / 1500 epochTrain loss: 0.083959, acc: 0.978 Val loss: 0.157225, acc: 0.949--- 0.1460 seconds ---
872 / 1500 epochTrain loss: 0.082648, acc: 0.972 Val loss: 0.152209, acc: 0.960--- 0.1443 seconds ---
873 / 1500 epochTrain loss: 0.083806, acc: 0.973 Val loss: 0.146109, acc: 0.960--- 0.1459 seconds ---
874 / 1500 epochTrain loss: 0.088634, acc: 0.971 Val loss: 0.135927, acc: 0.960--- 0.1450 seconds ---
875 / 1500 epochTrain loss: 0.080760, acc: 0.973 Val loss: 0.133888, acc: 0.960--- 0.1444 seconds ---
876 / 1500 epochTrain loss: 0.092971, acc: 0.972 Val loss: 0.131455, acc: 0.960--- 0.1449 seconds ---
877 / 1500 epochTrain loss: 0.090521, acc: 0.969 Val loss: 0.129354, acc: 0.960--- 0.1451 seconds ---
878 / 1500 epochTrain loss: 0.082246, acc: 0.976 Val loss: 0.136510, acc: 0.960--- 0.1444 seconds ---
879 / 1500 epochTrain loss: 0.086939, acc: 0.973 Val loss: 0.136353, acc: 0.960--- 0.1450 seconds ---
880 / 1500 epochTrain loss: 0.086487, acc: 0.973 Val loss: 0.140494, acc: 0.960--- 0.1446 seconds ---
881 / 1500 epochTrain loss: 0.080903, acc: 0.979 Val loss: 0.137013, acc: 0.960--- 0.1444 seconds ---
882 / 1500 epochTrain loss: 0.074843, acc: 0.979 Val loss: 0.140503, acc: 0.949--- 0.1451 seconds ---
883 / 1500 epochTrain loss: 0.081691, acc: 0.972 Val loss: 0.141790, acc: 0.939--- 0.1442 seconds ---
884 / 1500 epochTrain loss: 0.086403, acc: 0.971 Val loss: 0.148190, acc: 0.939--- 0.1448 seconds ---
885 / 1500 epochTrain loss: 0.080123, acc: 0.976 Val loss: 0.146861, acc: 0.939--- 0.1440 seconds ---
886 / 1500 epochTrain loss: 0.083139, acc: 0.972 Val loss: 0.148681, acc: 0.949--- 0.1445 seconds ---
887 / 1500 epochTrain loss: 0.082085, acc: 0.974 Val loss: 0.144096, acc: 0.949--- 0.1446 seconds ---
888 / 1500 epochTrain loss: 0.085319, acc: 0.976 Val loss: 0.144932, acc: 0.949--- 0.1441 seconds ---
889 / 1500 epochTrain loss: 0.077390, acc: 0.982 Val loss: 0.150651, acc: 0.949--- 0.1453 seconds ---
890 / 1500 epochTrain loss: 0.082608, acc: 0.973 Val loss: 0.160449, acc: 0.939--- 0.1441 seconds ---
891 / 1500 epochTrain loss: 0.078338, acc: 0.980 Val loss: 0.162374, acc: 0.929--- 0.1452 seconds ---
892 / 1500 epochTrain loss: 0.080269, acc: 0.974 Val loss: 0.166203, acc: 0.929--- 0.1445 seconds ---
893 / 1500 epochTrain loss: 0.077481, acc: 0.973 Val loss: 0.168886, acc: 0.929--- 0.1447 seconds ---
894 / 1500 epochTrain loss: 0.073856, acc: 0.978 Val loss: 0.167158, acc: 0.939--- 0.1446 seconds ---
895 / 1500 epochTrain loss: 0.078963, acc: 0.979 Val loss: 0.164910, acc: 0.939--- 0.1449 seconds ---
896 / 1500 epochTrain loss: 0.082024, acc: 0.977 Val loss: 0.163369, acc: 0.939--- 0.1446 seconds ---
897 / 1500 epochTrain loss: 0.072218, acc: 0.979 Val loss: 0.155816, acc: 0.939--- 0.1443 seconds ---
898 / 1500 epochTrain loss: 0.067684, acc: 0.975 Val loss: 0.157553, acc: 0.939--- 0.1449 seconds ---
899 / 1500 epochTrain loss: 0.071870, acc: 0.979 Val loss: 0.153095, acc: 0.939--- 0.1451 seconds ---
900 / 1500 epochTrain loss: 0.072000, acc: 0.980 Val loss: 0.148767, acc: 0.939--- 0.1452 seconds ---
901 / 1500 epochTrain loss: 0.065766, acc: 0.982 Val loss: 0.150373, acc: 0.939--- 0.1456 seconds ---
902 / 1500 epochTrain loss: 0.080389, acc: 0.974 Val loss: 0.149405, acc: 0.939--- 0.1445 seconds ---
903 / 1500 epochTrain loss: 0.079520, acc: 0.974 Val loss: 0.149230, acc: 0.939--- 0.1447 seconds ---
904 / 1500 epochTrain loss: 0.068710, acc: 0.981 Val loss: 0.149302, acc: 0.939--- 0.1448 seconds ---
905 / 1500 epochTrain loss: 0.074712, acc: 0.976 Val loss: 0.146044, acc: 0.949--- 0.1451 seconds ---
906 / 1500 epochTrain loss: 0.085364, acc: 0.976 Val loss: 0.159572, acc: 0.949--- 0.1450 seconds ---
907 / 1500 epochTrain loss: 0.083420, acc: 0.974 Val loss: 0.151066, acc: 0.949--- 0.1450 seconds ---
908 / 1500 epochTrain loss: 0.081704, acc: 0.976 Val loss: 0.152939, acc: 0.949--- 0.1447 seconds ---
909 / 1500 epochTrain loss: 0.078406, acc: 0.976 Val loss: 0.153998, acc: 0.949--- 0.1446 seconds ---
910 / 1500 epochTrain loss: 0.072071, acc: 0.982 Val loss: 0.155000, acc: 0.949--- 0.1443 seconds ---
911 / 1500 epochTrain loss: 0.077222, acc: 0.978 Val loss: 0.149814, acc: 0.949--- 0.1442 seconds ---
912 / 1500 epochTrain loss: 0.070122, acc: 0.978 Val loss: 0.149108, acc: 0.949--- 0.1446 seconds ---
913 / 1500 epochTrain loss: 0.069802, acc: 0.979 Val loss: 0.148640, acc: 0.949--- 0.1447 seconds ---
914 / 1500 epochTrain loss: 0.074443, acc: 0.982 Val loss: 0.147416, acc: 0.949--- 0.1450 seconds ---
915 / 1500 epochTrain loss: 0.072440, acc: 0.981 Val loss: 0.144003, acc: 0.960--- 0.1453 seconds ---
916 / 1500 epochTrain loss: 0.074964, acc: 0.976 Val loss: 0.143868, acc: 0.960--- 0.1444 seconds ---
917 / 1500 epochTrain loss: 0.065059, acc: 0.984 Val loss: 0.132776, acc: 0.960--- 0.1444 seconds ---
918 / 1500 epochTrain loss: 0.073214, acc: 0.981 Val loss: 0.133857, acc: 0.960--- 0.1445 seconds ---
919 / 1500 epochTrain loss: 0.073987, acc: 0.981 Val loss: 0.145102, acc: 0.960--- 0.1449 seconds ---
920 / 1500 epochTrain loss: 0.077851, acc: 0.979 Val loss: 0.147381, acc: 0.960--- 0.1446 seconds ---
921 / 1500 epochTrain loss: 0.068365, acc: 0.981 Val loss: 0.152152, acc: 0.949--- 0.1447 seconds ---
922 / 1500 epochTrain loss: 0.080976, acc: 0.979 Val loss: 0.154771, acc: 0.949--- 0.1450 seconds ---
923 / 1500 epochTrain loss: 0.073813, acc: 0.976 Val loss: 0.152681, acc: 0.960--- 0.1448 seconds ---
924 / 1500 epochTrain loss: 0.076871, acc: 0.979 Val loss: 0.151883, acc: 0.960--- 0.1448 seconds ---
925 / 1500 epochTrain loss: 0.084395, acc: 0.974 Val loss: 0.147591, acc: 0.960--- 0.1450 seconds ---
926 / 1500 epochTrain loss: 0.066820, acc: 0.980 Val loss: 0.147501, acc: 0.960--- 0.1448 seconds ---
927 / 1500 epochTrain loss: 0.069781, acc: 0.978 Val loss: 0.143826, acc: 0.960--- 0.1447 seconds ---
928 / 1500 epochTrain loss: 0.072945, acc: 0.980 Val loss: 0.143721, acc: 0.960--- 0.1454 seconds ---
929 / 1500 epochTrain loss: 0.075742, acc: 0.979 Val loss: 0.169785, acc: 0.960--- 0.1448 seconds ---
930 / 1500 epochTrain loss: 0.068834, acc: 0.976 Val loss: 0.177052, acc: 0.960--- 0.1450 seconds ---
931 / 1500 epochTrain loss: 0.066467, acc: 0.979 Val loss: 0.170932, acc: 0.939--- 0.1448 seconds ---
932 / 1500 epochTrain loss: 0.084438, acc: 0.970 Val loss: 0.177973, acc: 0.939--- 0.1445 seconds ---
933 / 1500 epochTrain loss: 0.081267, acc: 0.973 Val loss: 0.168205, acc: 0.949--- 0.1443 seconds ---
934 / 1500 epochTrain loss: 0.077418, acc: 0.977 Val loss: 0.164607, acc: 0.949--- 0.1446 seconds ---
935 / 1500 epochTrain loss: 0.090743, acc: 0.969 Val loss: 0.160869, acc: 0.949--- 0.1447 seconds ---
936 / 1500 epochTrain loss: 0.083188, acc: 0.972 Val loss: 0.162939, acc: 0.949--- 0.1447 seconds ---
937 / 1500 epochTrain loss: 0.081466, acc: 0.973 Val loss: 0.163272, acc: 0.949--- 0.1450 seconds ---
938 / 1500 epochTrain loss: 0.081492, acc: 0.975 Val loss: 0.164393, acc: 0.949--- 0.1450 seconds ---
939 / 1500 epochTrain loss: 0.084268, acc: 0.976 Val loss: 0.161215, acc: 0.949--- 0.1449 seconds ---
940 / 1500 epochTrain loss: 0.078803, acc: 0.977 Val loss: 0.167113, acc: 0.949--- 0.1449 seconds ---
941 / 1500 epochTrain loss: 0.086894, acc: 0.971 Val loss: 0.168547, acc: 0.949--- 0.1445 seconds ---
942 / 1500 epochTrain loss: 0.080172, acc: 0.971 Val loss: 0.169280, acc: 0.949--- 0.1449 seconds ---
943 / 1500 epochTrain loss: 0.089423, acc: 0.972 Val loss: 0.169649, acc: 0.949--- 0.1451 seconds ---
944 / 1500 epochTrain loss: 0.088389, acc: 0.969 Val loss: 0.162906, acc: 0.949--- 0.1443 seconds ---
945 / 1500 epochTrain loss: 0.084700, acc: 0.974 Val loss: 0.151822, acc: 0.949--- 0.1448 seconds ---
946 / 1500 epochTrain loss: 0.083103, acc: 0.972 Val loss: 0.150650, acc: 0.949--- 0.1452 seconds ---
947 / 1500 epochTrain loss: 0.080184, acc: 0.969 Val loss: 0.133663, acc: 0.949--- 0.1456 seconds ---
948 / 1500 epochTrain loss: 0.081132, acc: 0.972 Val loss: 0.144629, acc: 0.949--- 0.1446 seconds ---
949 / 1500 epochTrain loss: 0.084301, acc: 0.974 Val loss: 0.146584, acc: 0.949--- 0.1448 seconds ---
950 / 1500 epochTrain loss: 0.085009, acc: 0.974 Val loss: 0.154781, acc: 0.949--- 0.1448 seconds ---
951 / 1500 epochTrain loss: 0.074644, acc: 0.979 Val loss: 0.155021, acc: 0.949--- 0.1538 seconds ---
952 / 1500 epochTrain loss: 0.086404, acc: 0.972 Val loss: 0.158447, acc: 0.949--- 0.1456 seconds ---
953 / 1500 epochTrain loss: 0.080265, acc: 0.976 Val loss: 0.164593, acc: 0.949--- 0.1447 seconds ---
954 / 1500 epochTrain loss: 0.083445, acc: 0.976 Val loss: 0.166022, acc: 0.949--- 0.1451 seconds ---
955 / 1500 epochTrain loss: 0.070276, acc: 0.977 Val loss: 0.162393, acc: 0.949--- 0.1444 seconds ---
956 / 1500 epochTrain loss: 0.084877, acc: 0.974 Val loss: 0.146058, acc: 0.949--- 0.1447 seconds ---
957 / 1500 epochTrain loss: 0.094415, acc: 0.966 Val loss: 0.154136, acc: 0.949--- 0.1447 seconds ---

